STATION,NAME,DATE,TAVG,TMAX,TMIN,DAY
USW00094789,"JFK INTERNATIONAL AIRPORT, NY US",1/1/2020,40,42,34,0
USW00094789,"JFK INTERNATIONAL AIRPORT, NY US",1/2/2020,38,48,31,1
USW00094789,"JFK INTERNATIONAL AIRPORT, NY US",1/3/2020,44,48,42,2
USW00094789,"JFK INTERNATIONAL AIRPORT, NY US",1/4/2020,47,51,43,3
USW00094789,"JFK INTERNATIONAL AIRPORT, NY US",1/5/2020,41,49,35,4
USW00094789,"JFK INTERNATIONAL AIRPORT, NY US",1/6/2020,38,45,32,5
USW00094789,"JFK INTERNATIONAL AIRPORT, NY US",1/7/2020,40,44,35,6
USW00094789,"JFK INTERNATIONAL AIRPORT, NY US",1/8/2020,37,43,28,7
USW00094789,"JFK INTERNATIONAL AIRPORT, NY US",1/9/2020,29,34,24,8
USW00094789,"JFK INTERNATIONAL AIRPORT, NY US",1/10/2020,39,51,32,9
USW00094789,"JFK INTERNATIONAL AIRPORT, NY US",1/11/2020,50,57,46,10
USW00094789,"JFK INTERNATIONAL AIRPORT, NY US",1/12/2020,58,68,43,11
USW00094789,"JFK INTERNATIONAL AIRPORT, NY US",1/13/2020,44,48,35,12
USW00094789,"JFK INTERNATIONAL AIRPORT, NY US",1/14/2020,42,46,37,13
USW00094789,"JFK INTERNATIONAL AIRPORT, NY US",1/15/2020,46,52,40,14
USW00094789,"JFK INTERNATIONAL AIRPORT, NY US",1/16/2020,45,50,34,15
USW00094789,"JFK INTERNATIONAL AIRPORT, NY US",1/17/2020,30,34,22,16
USW00094789,"JFK INTERNATIONAL AIRPORT, NY US",1/18/2020,25,39,20,17
USW00094789,"JFK INTERNATIONAL AIRPORT, NY US",1/19/2020,40,46,29,18
USW00094789,"JFK INTERNATIONAL AIRPORT, NY US",1/20/2020,28,33,20,19
USW00094789,"JFK INTERNATIONAL AIRPORT, NY US",1/21/2020,26,34,19,20
USW00094789,"JFK INTERNATIONAL AIRPORT, NY US",1/22/2020,30,38,22,21
USW00094789,"JFK INTERNATIONAL AIRPORT, NY US",1/23/2020,35,44,26,22
USW00094789,"JFK INTERNATIONAL AIRPORT, NY US",1/24/2020,41,53,30,23
USW00094789,"JFK INTERNATIONAL AIRPORT, NY US",1/25/2020,42,50,37,24
USW00094789,"JFK INTERNATIONAL AIRPORT, NY US",1/26/2020,42,48,36,25
USW00094789,"JFK INTERNATIONAL AIRPORT, NY US",1/27/2020,40,45,35,26
USW00094789,"JFK INTERNATIONAL AIRPORT, NY US",1/28/2020,41,45,37,27
USW00094789,"JFK INTERNATIONAL AIRPORT, NY US",1/29/2020,37,41,29,28
USW00094789,"JFK INTERNATIONAL AIRPORT, NY US",1/30/2020,31,37,24,29
USW00094789,"JFK INTERNATIONAL AIRPORT, NY US",1/31/2020,36,45,32,30
USW00094789,"JFK INTERNATIONAL AIRPORT, NY US",2/1/2020,39,43,35,31
USW00094789,"JFK INTERNATIONAL AIRPORT, NY US",2/2/2020,39,44,29,32
USW00094789,"JFK INTERNATIONAL AIRPORT, NY US",2/3/2020,42,55,36,33
USW00094789,"JFK INTERNATIONAL AIRPORT, NY US",2/4/2020,45,53,39,34
USW00094789,"JFK INTERNATIONAL AIRPORT, NY US",2/5/2020,44,51,39,35
USW00094789,"JFK INTERNATIONAL AIRPORT, NY US",2/6/2020,40,43,37,36
USW00094789,"JFK INTERNATIONAL AIRPORT, NY US",2/7/2020,42,54,33,37
USW00094789,"JFK INTERNATIONAL AIRPORT, NY US",2/8/2020,35,43,30,38
USW00094789,"JFK INTERNATIONAL AIRPORT, NY US",2/9/2020,37,47,29,39
USW00094789,"JFK INTERNATIONAL AIRPORT, NY US",2/10/2020,43,47,42,40
USW00094789,"JFK INTERNATIONAL AIRPORT, NY US",2/11/2020,45,49,43,41
USW00094789,"JFK INTERNATIONAL AIRPORT, NY US",2/12/2020,43,45,38,42
USW00094789,"JFK INTERNATIONAL AIRPORT, NY US",2/13/2020,40,44,36,43
USW00094789,"JFK INTERNATIONAL AIRPORT, NY US",2/14/2020,36,40,19,44
USW00094789,"JFK INTERNATIONAL AIRPORT, NY US",2/15/2020,21,30,14,45
USW00094789,"JFK INTERNATIONAL AIRPORT, NY US",2/16/2020,35,45,30,46
USW00094789,"JFK INTERNATIONAL AIRPORT, NY US",2/17/2020,41,51,34,47
USW00094789,"JFK INTERNATIONAL AIRPORT, NY US",2/18/2020,42,49,36,48
USW00094789,"JFK INTERNATIONAL AIRPORT, NY US",2/19/2020,45,51,33,49
USW00094789,"JFK INTERNATIONAL AIRPORT, NY US",2/20/2020,34,37,26,50
USW00094789,"JFK INTERNATIONAL AIRPORT, NY US",2/21/2020,28,36,20,51
USW00094789,"JFK INTERNATIONAL AIRPORT, NY US",2/22/2020,37,50,30,52
USW00094789,"JFK INTERNATIONAL AIRPORT, NY US",2/23/2020,42,54,30,53
USW00094789,"JFK INTERNATIONAL AIRPORT, NY US",2/24/2020,43,54,34,54
USW00094789,"JFK INTERNATIONAL AIRPORT, NY US",2/25/2020,45,49,42,55
USW00094789,"JFK INTERNATIONAL AIRPORT, NY US",2/26/2020,46,48,43,56
USW00094789,"JFK INTERNATIONAL AIRPORT, NY US",2/27/2020,43,48,31,57
USW00094789,"JFK INTERNATIONAL AIRPORT, NY US",2/28/2020,34,42,29,58
USW00094789,"JFK INTERNATIONAL AIRPORT, NY US",2/29/2020,33,37,26,59
USW00094789,"JFK INTERNATIONAL AIRPORT, NY US",3/1/2020,32,44,25,60
USW00094789,"JFK INTERNATIONAL AIRPORT, NY US",3/2/2020,42,51,32,61
USW00094789,"JFK INTERNATIONAL AIRPORT, NY US",3/3/2020,48,53,42,62
USW00094789,"JFK INTERNATIONAL AIRPORT, NY US",3/4/2020,50,57,44,63
USW00094789,"JFK INTERNATIONAL AIRPORT, NY US",3/5/2020,46,50,39,64
USW00094789,"JFK INTERNATIONAL AIRPORT, NY US",3/6/2020,41,47,33,65
USW00094789,"JFK INTERNATIONAL AIRPORT, NY US",3/7/2020,40,48,36,66
USW00094789,"JFK INTERNATIONAL AIRPORT, NY US",3/8/2020,43,57,33,67
USW00094789,"JFK INTERNATIONAL AIRPORT, NY US",3/9/2020,50,64,39,68
USW00094789,"JFK INTERNATIONAL AIRPORT, NY US",3/10/2020,52,64,43,69
USW00094789,"JFK INTERNATIONAL AIRPORT, NY US",3/11/2020,51,57,41,70
USW00094789,"JFK INTERNATIONAL AIRPORT, NY US",3/12/2020,44,47,37,71
USW00094789,"JFK INTERNATIONAL AIRPORT, NY US",3/13/2020,53,71,46,72
USW00094789,"JFK INTERNATIONAL AIRPORT, NY US",3/14/2020,51,57,43,73
USW00094789,"JFK INTERNATIONAL AIRPORT, NY US",3/15/2020,47,54,40,74
USW00094789,"JFK INTERNATIONAL AIRPORT, NY US",3/16/2020,39,45,32,75
USW00094789,"JFK INTERNATIONAL AIRPORT, NY US",3/17/2020,44,54,41,76
USW00094789,"JFK INTERNATIONAL AIRPORT, NY US",3/18/2020,47,50,40,77
USW00094789,"JFK INTERNATIONAL AIRPORT, NY US",3/19/2020,46,53,43,78
USW00094789,"JFK INTERNATIONAL AIRPORT, NY US",3/20/2020,50,73,36,79
USW00094789,"JFK INTERNATIONAL AIRPORT, NY US",3/21/2020,54,67,40,80
USW00094789,"JFK INTERNATIONAL AIRPORT, NY US",3/22/2020,40,44,34,81
USW00094789,"JFK INTERNATIONAL AIRPORT, NY US",3/23/2020,39,46,37,82
USW00094789,"JFK INTERNATIONAL AIRPORT, NY US",3/24/2020,43,54,36,83
USW00094789,"JFK INTERNATIONAL AIRPORT, NY US",3/25/2020,44,48,39,84
USW00094789,"JFK INTERNATIONAL AIRPORT, NY US",3/26/2020,44,55,36,85
USW00094789,"JFK INTERNATIONAL AIRPORT, NY US",3/27/2020,53,68,46,86
USW00094789,"JFK INTERNATIONAL AIRPORT, NY US",3/28/2020,49,50,46,87
USW00094789,"JFK INTERNATIONAL AIRPORT, NY US",3/29/2020,48,51,45,88
USW00094789,"JFK INTERNATIONAL AIRPORT, NY US",3/30/2020,45,49,42,89
USW00094789,"JFK INTERNATIONAL AIRPORT, NY US",3/31/2020,43,45,41,90
USW00094789,"JFK INTERNATIONAL AIRPORT, NY US",4/1/2020,44,56,37,91
USW00094789,"JFK INTERNATIONAL AIRPORT, NY US",4/2/2020,49,60,38,92
USW00094789,"JFK INTERNATIONAL AIRPORT, NY US",4/3/2020,49,52,44,93
USW00094789,"JFK INTERNATIONAL AIRPORT, NY US",4/4/2020,50,58,44,94
USW00094789,"JFK INTERNATIONAL AIRPORT, NY US",4/5/2020,48,58,42,95
USW00094789,"JFK INTERNATIONAL AIRPORT, NY US",4/6/2020,53,63,46,96
USW00094789,"JFK INTERNATIONAL AIRPORT, NY US",4/7/2020,54,63,48,97
USW00094789,"JFK INTERNATIONAL AIRPORT, NY US",4/8/2020,55,64,45,98
USW00094789,"JFK INTERNATIONAL AIRPORT, NY US",4/9/2020,50,58,42,99
USW00094789,"JFK INTERNATIONAL AIRPORT, NY US",4/10/2020,45,49,38,100
USW00094789,"JFK INTERNATIONAL AIRPORT, NY US",4/11/2020,46,55,38,101
USW00094789,"JFK INTERNATIONAL AIRPORT, NY US",4/12/2020,49,58,34,102
USW00094789,"JFK INTERNATIONAL AIRPORT, NY US",4/13/2020,54,66,51,103
USW00094789,"JFK INTERNATIONAL AIRPORT, NY US",4/14/2020,54,57,47,104
USW00094789,"JFK INTERNATIONAL AIRPORT, NY US",4/15/2020,48,54,42,105
USW00094789,"JFK INTERNATIONAL AIRPORT, NY US",4/16/2020,46,50,38,106
USW00094789,"JFK INTERNATIONAL AIRPORT, NY US",4/17/2020,42,50,36,107
USW00094789,"JFK INTERNATIONAL AIRPORT, NY US",4/18/2020,44,47,40,108
USW00094789,"JFK INTERNATIONAL AIRPORT, NY US",4/19/2020,47,59,36,109
USW00094789,"JFK INTERNATIONAL AIRPORT, NY US",4/20/2020,52,55,43,110
USW00094789,"JFK INTERNATIONAL AIRPORT, NY US",4/21/2020,49,56,39,111
USW00094789,"JFK INTERNATIONAL AIRPORT, NY US",4/22/2020,44,52,36,112
USW00094789,"JFK INTERNATIONAL AIRPORT, NY US",4/23/2020,44,48,39,113
USW00094789,"JFK INTERNATIONAL AIRPORT, NY US",4/24/2020,46,50,43,114
USW00094789,"JFK INTERNATIONAL AIRPORT, NY US",4/25/2020,50,61,39,115
USW00094789,"JFK INTERNATIONAL AIRPORT, NY US",4/26/2020,49,51,43,116
USW00094789,"JFK INTERNATIONAL AIRPORT, NY US",4/27/2020,44,50,39,117
USW00094789,"JFK INTERNATIONAL AIRPORT, NY US",4/28/2020,49,64,40,118
USW00094789,"JFK INTERNATIONAL AIRPORT, NY US",4/29/2020,48,55,42,119
USW00094789,"JFK INTERNATIONAL AIRPORT, NY US",4/30/2020,52,58,49,120
USW00094789,"JFK INTERNATIONAL AIRPORT, NY US",5/1/2020,55,62,51,121
USW00094789,"JFK INTERNATIONAL AIRPORT, NY US",5/2/2020,62,74,50,122
USW00094789,"JFK INTERNATIONAL AIRPORT, NY US",5/3/2020,62,73,53,123
USW00094789,"JFK INTERNATIONAL AIRPORT, NY US",5/4/2020,63,71,49,124
USW00094789,"JFK INTERNATIONAL AIRPORT, NY US",5/5/2020,53,63,47,125
USW00094789,"JFK INTERNATIONAL AIRPORT, NY US",5/6/2020,49,55,44,126
USW00094789,"JFK INTERNATIONAL AIRPORT, NY US",5/7/2020,53,66,44,127
USW00094789,"JFK INTERNATIONAL AIRPORT, NY US",5/8/2020,53,59,39,128
USW00094789,"JFK INTERNATIONAL AIRPORT, NY US",5/9/2020,42,49,34,129
USW00094789,"JFK INTERNATIONAL AIRPORT, NY US",5/10/2020,49,64,39,130
USW00094789,"JFK INTERNATIONAL AIRPORT, NY US",5/11/2020,52,61,45,131
USW00094789,"JFK INTERNATIONAL AIRPORT, NY US",5/12/2020,51,61,43,132
USW00094789,"JFK INTERNATIONAL AIRPORT, NY US",5/13/2020,51,62,41,133
USW00094789,"JFK INTERNATIONAL AIRPORT, NY US",5/14/2020,52,61,40,134
USW00094789,"JFK INTERNATIONAL AIRPORT, NY US",5/15/2020,63,78,55,135
USW00094789,"JFK INTERNATIONAL AIRPORT, NY US",5/16/2020,68,76,55,136
USW00094789,"JFK INTERNATIONAL AIRPORT, NY US",5/17/2020,58,64,52,137
USW00094789,"JFK INTERNATIONAL AIRPORT, NY US",5/18/2020,59,69,53,138
USW00094789,"JFK INTERNATIONAL AIRPORT, NY US",5/19/2020,60,70,50,139
USW00094789,"JFK INTERNATIONAL AIRPORT, NY US",5/20/2020,55,63,45,140
USW00094789,"JFK INTERNATIONAL AIRPORT, NY US",5/21/2020,53,61,42,141
USW00094789,"JFK INTERNATIONAL AIRPORT, NY US",5/22/2020,60,73,52,142
USW00094789,"JFK INTERNATIONAL AIRPORT, NY US",5/23/2020,62,70,54,143
USW00094789,"JFK INTERNATIONAL AIRPORT, NY US",5/24/2020,57,65,51,144
USW00094789,"JFK INTERNATIONAL AIRPORT, NY US",5/25/2020,60,66,49,145
USW00094789,"JFK INTERNATIONAL AIRPORT, NY US",5/26/2020,61,69,57,146
USW00094789,"JFK INTERNATIONAL AIRPORT, NY US",5/27/2020,62,72,57,147
USW00094789,"JFK INTERNATIONAL AIRPORT, NY US",5/28/2020,64,73,60,148
USW00094789,"JFK INTERNATIONAL AIRPORT, NY US",5/29/2020,66,73,61,149
USW00094789,"JFK INTERNATIONAL AIRPORT, NY US",5/30/2020,69,83,61,150
USW00094789,"JFK INTERNATIONAL AIRPORT, NY US",5/31/2020,66,73,56,151
USW00094789,"JFK INTERNATIONAL AIRPORT, NY US",6/1/2020,60,72,51,152
USW00094789,"JFK INTERNATIONAL AIRPORT, NY US",6/2/2020,64,75,54,153
USW00094789,"JFK INTERNATIONAL AIRPORT, NY US",6/3/2020,69,80,60,154
USW00094789,"JFK INTERNATIONAL AIRPORT, NY US",6/4/2020,72,83,63,155
USW00094789,"JFK INTERNATIONAL AIRPORT, NY US",6/5/2020,70,78,64,156
USW00094789,"JFK INTERNATIONAL AIRPORT, NY US",6/6/2020,72,86,63,157
USW00094789,"JFK INTERNATIONAL AIRPORT, NY US",6/7/2020,72,78,63,158
USW00094789,"JFK INTERNATIONAL AIRPORT, NY US",6/8/2020,68,78,60,159
USW00094789,"JFK INTERNATIONAL AIRPORT, NY US",6/9/2020,71,81,62,160
USW00094789,"JFK INTERNATIONAL AIRPORT, NY US",6/10/2020,71,79,64,161
USW00094789,"JFK INTERNATIONAL AIRPORT, NY US",6/11/2020,68,74,63,162
USW00094789,"JFK INTERNATIONAL AIRPORT, NY US",6/12/2020,71,83,65,163
USW00094789,"JFK INTERNATIONAL AIRPORT, NY US",6/13/2020,68,73,59,164
USW00094789,"JFK INTERNATIONAL AIRPORT, NY US",6/14/2020,63,71,54,165
USW00094789,"JFK INTERNATIONAL AIRPORT, NY US",6/15/2020,64,73,56,166
USW00094789,"JFK INTERNATIONAL AIRPORT, NY US",6/16/2020,66,76,58,167
USW00094789,"JFK INTERNATIONAL AIRPORT, NY US",6/17/2020,67,80,58,168
USW00094789,"JFK INTERNATIONAL AIRPORT, NY US",6/18/2020,67,75,62,169
USW00094789,"JFK INTERNATIONAL AIRPORT, NY US",6/19/2020,69,78,64,170
USW00094789,"JFK INTERNATIONAL AIRPORT, NY US",6/20/2020,71,82,64,171
USW00094789,"JFK INTERNATIONAL AIRPORT, NY US",6/21/2020,73,82,66,172
USW00094789,"JFK INTERNATIONAL AIRPORT, NY US",6/22/2020,76,87,69,173
USW00094789,"JFK INTERNATIONAL AIRPORT, NY US",6/23/2020,75,82,68,174
USW00094789,"JFK INTERNATIONAL AIRPORT, NY US",6/24/2020,78,88,71,175
USW00094789,"JFK INTERNATIONAL AIRPORT, NY US",6/25/2020,77,85,68,176
USW00094789,"JFK INTERNATIONAL AIRPORT, NY US",6/26/2020,76,86,67,177
USW00094789,"JFK INTERNATIONAL AIRPORT, NY US",6/27/2020,75,80,67,178
USW00094789,"JFK INTERNATIONAL AIRPORT, NY US",6/28/2020,77,86,68,179
USW00094789,"JFK INTERNATIONAL AIRPORT, NY US",6/29/2020,77,89,68,180
USW00094789,"JFK INTERNATIONAL AIRPORT, NY US",6/30/2020,73,81,67,181
USW00094789,"JFK INTERNATIONAL AIRPORT, NY US",7/1/2020,71,80,66,182
USW00094789,"JFK INTERNATIONAL AIRPORT, NY US",7/2/2020,75,90,65,183
USW00094789,"JFK INTERNATIONAL AIRPORT, NY US",7/3/2020,82,91,70,184
USW00094789,"JFK INTERNATIONAL AIRPORT, NY US",7/4/2020,74,85,68,185
USW00094789,"JFK INTERNATIONAL AIRPORT, NY US",7/5/2020,77,88,71,186
USW00094789,"JFK INTERNATIONAL AIRPORT, NY US",7/6/2020,80,91,71,187
USW00094789,"JFK INTERNATIONAL AIRPORT, NY US",7/7/2020,75,82,71,188
USW00094789,"JFK INTERNATIONAL AIRPORT, NY US",7/8/2020,78,84,74,189
USW00094789,"JFK INTERNATIONAL AIRPORT, NY US",7/9/2020,78,86,73,190
USW00094789,"JFK INTERNATIONAL AIRPORT, NY US",7/10/2020,76,79,73,191
USW00094789,"JFK INTERNATIONAL AIRPORT, NY US",7/11/2020,76,82,74,192
USW00094789,"JFK INTERNATIONAL AIRPORT, NY US",7/12/2020,80,90,73,193
USW00094789,"JFK INTERNATIONAL AIRPORT, NY US",7/13/2020,80,88,72,194
USW00094789,"JFK INTERNATIONAL AIRPORT, NY US",7/14/2020,80,88,72,195
USW00094789,"JFK INTERNATIONAL AIRPORT, NY US",7/15/2020,75,78,70,196
USW00094789,"JFK INTERNATIONAL AIRPORT, NY US",7/16/2020,72,76,68,197
USW00094789,"JFK INTERNATIONAL AIRPORT, NY US",7/17/2020,73,81,69,198
USW00094789,"JFK INTERNATIONAL AIRPORT, NY US",7/18/2020,80,89,71,199
USW00094789,"JFK INTERNATIONAL AIRPORT, NY US",7/19/2020,80,88,74,200
USW00094789,"JFK INTERNATIONAL AIRPORT, NY US",7/20/2020,85,97,77,201
USW00094789,"JFK INTERNATIONAL AIRPORT, NY US",7/21/2020,85,90,76,202
USW00094789,"JFK INTERNATIONAL AIRPORT, NY US",7/22/2020,81,90,73,203
USW00094789,"JFK INTERNATIONAL AIRPORT, NY US",7/23/2020,77,85,74,204
USW00094789,"JFK INTERNATIONAL AIRPORT, NY US",7/24/2020,77,79,72,205
USW00094789,"JFK INTERNATIONAL AIRPORT, NY US",7/25/2020,78,85,71,206
USW00094789,"JFK INTERNATIONAL AIRPORT, NY US",7/26/2020,82,93,76,207
USW00094789,"JFK INTERNATIONAL AIRPORT, NY US",7/27/2020,85,94,76,208
USW00094789,"JFK INTERNATIONAL AIRPORT, NY US",7/28/2020,86,93,79,209
USW00094789,"JFK INTERNATIONAL AIRPORT, NY US",7/29/2020,82,86,75,210
USW00094789,"JFK INTERNATIONAL AIRPORT, NY US",7/30/2020,81,88,74,211
USW00094789,"JFK INTERNATIONAL AIRPORT, NY US",7/31/2020,76,82,70,212
USW00094789,"JFK INTERNATIONAL AIRPORT, NY US",8/1/2020,78,86,71,213
USW00094789,"JFK INTERNATIONAL AIRPORT, NY US",8/2/2020,80,85,76,214
USW00094789,"JFK INTERNATIONAL AIRPORT, NY US",8/3/2020,81,88,71,215
USW00094789,"JFK INTERNATIONAL AIRPORT, NY US",8/4/2020,77,82,72,216
USW00094789,"JFK INTERNATIONAL AIRPORT, NY US",8/5/2020,78,88,70,217
USW00094789,"JFK INTERNATIONAL AIRPORT, NY US",8/6/2020,75,79,69,218
USW00094789,"JFK INTERNATIONAL AIRPORT, NY US",8/7/2020,73,80,68,219
USW00094789,"JFK INTERNATIONAL AIRPORT, NY US",8/8/2020,74,83,71,220
USW00094789,"JFK INTERNATIONAL AIRPORT, NY US",8/9/2020,76,82,70,221
USW00094789,"JFK INTERNATIONAL AIRPORT, NY US",8/10/2020,79,87,74,222
USW00094789,"JFK INTERNATIONAL AIRPORT, NY US",8/11/2020,78,83,72,223
USW00094789,"JFK INTERNATIONAL AIRPORT, NY US",8/12/2020,78,86,74,224
USW00094789,"JFK INTERNATIONAL AIRPORT, NY US",8/13/2020,77,80,74,225
USW00094789,"JFK INTERNATIONAL AIRPORT, NY US",8/14/2020,79,86,72,226
USW00094789,"JFK INTERNATIONAL AIRPORT, NY US",8/15/2020,76,85,70,227
USW00094789,"JFK INTERNATIONAL AIRPORT, NY US",8/16/2020,70,71,67,228
USW00094789,"JFK INTERNATIONAL AIRPORT, NY US",8/17/2020,71,78,63,229
USW00094789,"JFK INTERNATIONAL AIRPORT, NY US",8/18/2020,73,84,62,230
USW00094789,"JFK INTERNATIONAL AIRPORT, NY US",8/19/2020,71,76,66,231
USW00094789,"JFK INTERNATIONAL AIRPORT, NY US",8/20/2020,71,79,62,232
USW00094789,"JFK INTERNATIONAL AIRPORT, NY US",8/21/2020,74,82,69,233
USW00094789,"JFK INTERNATIONAL AIRPORT, NY US",8/22/2020,78,86,73,234
USW00094789,"JFK INTERNATIONAL AIRPORT, NY US",8/23/2020,76,83,70,235
USW00094789,"JFK INTERNATIONAL AIRPORT, NY US",8/24/2020,79,88,73,236
USW00094789,"JFK INTERNATIONAL AIRPORT, NY US",8/25/2020,83,92,72,237
USW00094789,"JFK INTERNATIONAL AIRPORT, NY US",8/26/2020,75,81,68,238
USW00094789,"JFK INTERNATIONAL AIRPORT, NY US",8/27/2020,77,92,68,239
USW00094789,"JFK INTERNATIONAL AIRPORT, NY US",8/28/2020,77,87,71,240
USW00094789,"JFK INTERNATIONAL AIRPORT, NY US",8/29/2020,74,79,72,241
USW00094789,"JFK INTERNATIONAL AIRPORT, NY US",8/30/2020,75,82,63,242
USW00094789,"JFK INTERNATIONAL AIRPORT, NY US",8/31/2020,69,75,60,243
USW00094789,"JFK INTERNATIONAL AIRPORT, NY US",9/1/2020,72,79,67,244
USW00094789,"JFK INTERNATIONAL AIRPORT, NY US",9/2/2020,73,80,70,245
USW00094789,"JFK INTERNATIONAL AIRPORT, NY US",9/3/2020,78,86,73,246
USW00094789,"JFK INTERNATIONAL AIRPORT, NY US",9/4/2020,78,88,69,247
USW00094789,"JFK INTERNATIONAL AIRPORT, NY US",9/5/2020,72,78,64,248
USW00094789,"JFK INTERNATIONAL AIRPORT, NY US",9/6/2020,72,80,63,249
USW00094789,"JFK INTERNATIONAL AIRPORT, NY US",9/7/2020,72,79,63,250
USW00094789,"JFK INTERNATIONAL AIRPORT, NY US",9/8/2020,72,79,63,251
USW00094789,"JFK INTERNATIONAL AIRPORT, NY US",9/9/2020,73,79,67,252
USW00094789,"JFK INTERNATIONAL AIRPORT, NY US",9/10/2020,75,81,73,253
USW00094789,"JFK INTERNATIONAL AIRPORT, NY US",9/11/2020,74,76,65,254
USW00094789,"JFK INTERNATIONAL AIRPORT, NY US",9/12/2020,66,71,59,255
USW00094789,"JFK INTERNATIONAL AIRPORT, NY US",9/13/2020,67,75,60,256
USW00094789,"JFK INTERNATIONAL AIRPORT, NY US",9/14/2020,73,76,59,257
USW00094789,"JFK INTERNATIONAL AIRPORT, NY US",9/15/2020,61,70,53,258
USW00094789,"JFK INTERNATIONAL AIRPORT, NY US",9/16/2020,63,72,55,259
USW00094789,"JFK INTERNATIONAL AIRPORT, NY US",9/17/2020,69,74,64,260
USW00094789,"JFK INTERNATIONAL AIRPORT, NY US",9/18/2020,68,72,55,261
USW00094789,"JFK INTERNATIONAL AIRPORT, NY US",9/19/2020,58,66,49,262
USW00094789,"JFK INTERNATIONAL AIRPORT, NY US",9/20/2020,56,65,49,263
USW00094789,"JFK INTERNATIONAL AIRPORT, NY US",9/21/2020,56,67,46,264
USW00094789,"JFK INTERNATIONAL AIRPORT, NY US",9/22/2020,60,74,47,265
USW00094789,"JFK INTERNATIONAL AIRPORT, NY US",9/23/2020,68,82,56,266
USW00094789,"JFK INTERNATIONAL AIRPORT, NY US",9/24/2020,67,76,56,267
USW00094789,"JFK INTERNATIONAL AIRPORT, NY US",9/25/2020,67,75,58,268
USW00094789,"JFK INTERNATIONAL AIRPORT, NY US",9/26/2020,68,76,62,269
USW00094789,"JFK INTERNATIONAL AIRPORT, NY US",9/27/2020,71,79,66,270
USW00094789,"JFK INTERNATIONAL AIRPORT, NY US",9/28/2020,71,77,68,271
USW00094789,"JFK INTERNATIONAL AIRPORT, NY US",9/29/2020,70,72,67,272
USW00094789,"JFK INTERNATIONAL AIRPORT, NY US",9/30/2020,68,72,61,273
USW00094789,"JFK INTERNATIONAL AIRPORT, NY US",10/1/2020,66,75,60,274
USW00094789,"JFK INTERNATIONAL AIRPORT, NY US",10/2/2020,63,68,55,275
USW00094789,"JFK INTERNATIONAL AIRPORT, NY US",10/3/2020,60,68,51,276
USW00094789,"JFK INTERNATIONAL AIRPORT, NY US",10/4/2020,58,69,47,277
USW00094789,"JFK INTERNATIONAL AIRPORT, NY US",10/5/2020,61,70,53,278
USW00094789,"JFK INTERNATIONAL AIRPORT, NY US",10/6/2020,62,70,56,279
USW00094789,"JFK INTERNATIONAL AIRPORT, NY US",10/7/2020,66,78,59,280
USW00094789,"JFK INTERNATIONAL AIRPORT, NY US",10/8/2020,62,67,52,281
USW00094789,"JFK INTERNATIONAL AIRPORT, NY US",10/9/2020,58,68,48,282
USW00094789,"JFK INTERNATIONAL AIRPORT, NY US",10/10/2020,64,71,59,283
USW00094789,"JFK INTERNATIONAL AIRPORT, NY US",10/11/2020,66,69,57,284
USW00094789,"JFK INTERNATIONAL AIRPORT, NY US",10/12/2020,55,57,50,285
USW00094789,"JFK INTERNATIONAL AIRPORT, NY US",10/13/2020,58,61,56,286
USW00094789,"JFK INTERNATIONAL AIRPORT, NY US",10/14/2020,59,69,51,287
USW00094789,"JFK INTERNATIONAL AIRPORT, NY US",10/15/2020,62,70,55,288
USW00094789,"JFK INTERNATIONAL AIRPORT, NY US",10/16/2020,60,65,48,289
USW00094789,"JFK INTERNATIONAL AIRPORT, NY US",10/17/2020,53,62,45,290
USW00094789,"JFK INTERNATIONAL AIRPORT, NY US",10/18/2020,53,63,42,291
USW00094789,"JFK INTERNATIONAL AIRPORT, NY US",10/19/2020,57,67,49,292
USW00094789,"JFK INTERNATIONAL AIRPORT, NY US",10/20/2020,62,70,57,293
USW00094789,"JFK INTERNATIONAL AIRPORT, NY US",10/21/2020,63,68,60,294
USW00094789,"JFK INTERNATIONAL AIRPORT, NY US",10/22/2020,64,67,60,295
USW00094789,"JFK INTERNATIONAL AIRPORT, NY US",10/23/2020,64,68,61,296
USW00094789,"JFK INTERNATIONAL AIRPORT, NY US",10/24/2020,64,70,50,297
USW00094789,"JFK INTERNATIONAL AIRPORT, NY US",10/25/2020,50,54,44,298
USW00094789,"JFK INTERNATIONAL AIRPORT, NY US",10/26/2020,54,59,51,299
USW00094789,"JFK INTERNATIONAL AIRPORT, NY US",10/27/2020,58,60,54,300
USW00094789,"JFK INTERNATIONAL AIRPORT, NY US",10/28/2020,55,58,52,301
USW00094789,"JFK INTERNATIONAL AIRPORT, NY US",10/29/2020,54,57,46,302
USW00094789,"JFK INTERNATIONAL AIRPORT, NY US",10/30/2020,44,46,36,303
USW00094789,"JFK INTERNATIONAL AIRPORT, NY US",10/31/2020,39,47,32,304
USW00094789,"JFK INTERNATIONAL AIRPORT, NY US",11/1/2020,50,58,45,305
USW00094789,"JFK INTERNATIONAL AIRPORT, NY US",11/2/2020,44,46,39,306
USW00094789,"JFK INTERNATIONAL AIRPORT, NY US",11/3/2020,47,56,41,307
USW00094789,"JFK INTERNATIONAL AIRPORT, NY US",11/4/2020,49,63,37,308
USW00094789,"JFK INTERNATIONAL AIRPORT, NY US",11/5/2020,54,63,44,309
USW00094789,"JFK INTERNATIONAL AIRPORT, NY US",11/6/2020,56,65,49,310
USW00094789,"JFK INTERNATIONAL AIRPORT, NY US",11/7/2020,58,73,47,311
USW00094789,"JFK INTERNATIONAL AIRPORT, NY US",11/8/2020,58,74,47,312
USW00094789,"JFK INTERNATIONAL AIRPORT, NY US",11/9/2020,56,74,44,313
USW00094789,"JFK INTERNATIONAL AIRPORT, NY US",11/10/2020,59,69,51,314
USW00094789,"JFK INTERNATIONAL AIRPORT, NY US",11/11/2020,62,66,58,315
USW00094789,"JFK INTERNATIONAL AIRPORT, NY US",11/12/2020,59,65,46,316
USW00094789,"JFK INTERNATIONAL AIRPORT, NY US",11/13/2020,49,52,45,317
USW00094789,"JFK INTERNATIONAL AIRPORT, NY US",11/14/2020,48,53,39,318
USW00094789,"JFK INTERNATIONAL AIRPORT, NY US",11/15/2020,47,63,34,319
USW00094789,"JFK INTERNATIONAL AIRPORT, NY US",11/16/2020,53,55,44,320
USW00094789,"JFK INTERNATIONAL AIRPORT, NY US",11/17/2020,46,50,36,321
USW00094789,"JFK INTERNATIONAL AIRPORT, NY US",11/18/2020,36,37,28,322
USW00094789,"JFK INTERNATIONAL AIRPORT, NY US",11/19/2020,36,49,26,323
USW00094789,"JFK INTERNATIONAL AIRPORT, NY US",11/20/2020,49,60,44,324
USW00094789,"JFK INTERNATIONAL AIRPORT, NY US",11/21/2020,54,66,44,325
USW00094789,"JFK INTERNATIONAL AIRPORT, NY US",11/22/2020,50,59,44,326
USW00094789,"JFK INTERNATIONAL AIRPORT, NY US",11/23/2020,54,59,41,327
USW00094789,"JFK INTERNATIONAL AIRPORT, NY US",11/24/2020,44,50,39,328
USW00094789,"JFK INTERNATIONAL AIRPORT, NY US",11/25/2020,47,55,42,329
USW00094789,"JFK INTERNATIONAL AIRPORT, NY US",11/26/2020,57,66,47,330
USW00094789,"JFK INTERNATIONAL AIRPORT, NY US",11/27/2020,53,63,44,331
USW00094789,"JFK INTERNATIONAL AIRPORT, NY US",11/28/2020,51,57,42,332
USW00094789,"JFK INTERNATIONAL AIRPORT, NY US",11/29/2020,45,52,38,333
USW00094789,"JFK INTERNATIONAL AIRPORT, NY US",11/30/2020,54,63,47,334
USW00094789,"JFK INTERNATIONAL AIRPORT, NY US",12/1/2020,53,60,38,335
USW00094789,"JFK INTERNATIONAL AIRPORT, NY US",12/2/2020,41,46,37,336
USW00094789,"JFK INTERNATIONAL AIRPORT, NY US",12/3/2020,41,49,35,337
USW00094789,"JFK INTERNATIONAL AIRPORT, NY US",12/4/2020,47,52,44,338
USW00094789,"JFK INTERNATIONAL AIRPORT, NY US",12/5/2020,44,47,39,339
USW00094789,"JFK INTERNATIONAL AIRPORT, NY US",12/6/2020,39,42,33,340
USW00094789,"JFK INTERNATIONAL AIRPORT, NY US",12/7/2020,35,42,30,341
USW00094789,"JFK INTERNATIONAL AIRPORT, NY US",12/8/2020,33,36,30,342
USW00094789,"JFK INTERNATIONAL AIRPORT, NY US",12/9/2020,34,38,32,343
USW00094789,"JFK INTERNATIONAL AIRPORT, NY US",12/10/2020,41,49,36,344
USW00094789,"JFK INTERNATIONAL AIRPORT, NY US",12/11/2020,42,52,32,345
USW00094789,"JFK INTERNATIONAL AIRPORT, NY US",12/12/2020,48,55,41,346
USW00094789,"JFK INTERNATIONAL AIRPORT, NY US",12/13/2020,52,61,46,347
USW00094789,"JFK INTERNATIONAL AIRPORT, NY US",12/14/2020,43,45,36,348
USW00094789,"JFK INTERNATIONAL AIRPORT, NY US",12/15/2020,37,41,30,349
USW00094789,"JFK INTERNATIONAL AIRPORT, NY US",12/16/2020,30,32,25,350
USW00094789,"JFK INTERNATIONAL AIRPORT, NY US",12/17/2020,30,33,25,351
USW00094789,"JFK INTERNATIONAL AIRPORT, NY US",12/18/2020,27,32,23,352
USW00094789,"JFK INTERNATIONAL AIRPORT, NY US",12/19/2020,26,32,18,353
USW00094789,"JFK INTERNATIONAL AIRPORT, NY US",12/20/2020,32,39,28,354
USW00094789,"JFK INTERNATIONAL AIRPORT, NY US",12/21/2020,37,40,33,355
USW00094789,"JFK INTERNATIONAL AIRPORT, NY US",12/22/2020,40,45,36,356
USW00094789,"JFK INTERNATIONAL AIRPORT, NY US",12/23/2020,40,43,35,357
USW00094789,"JFK INTERNATIONAL AIRPORT, NY US",12/24/2020,49,58,40,358
USW00094789,"JFK INTERNATIONAL AIRPORT, NY US",12/25/2020,53,60,29,359
USW00094789,"JFK INTERNATIONAL AIRPORT, NY US",12/26/2020,29,33,24,360
USW00094789,"JFK INTERNATIONAL AIRPORT, NY US",12/27/2020,29,38,24,361
USW00094789,"JFK INTERNATIONAL AIRPORT, NY US",12/28/2020,41,51,33,362
USW00094789,"JFK INTERNATIONAL AIRPORT, NY US",12/29/2020,40,43,28,363
USW00094789,"JFK INTERNATIONAL AIRPORT, NY US",12/30/2020,33,43,24,364
USW00094789,"JFK INTERNATIONAL AIRPORT, NY US",12/31/2020,44,48,35,365
,,,,,,
STATION,NAME,DATE,TAVG,TMAX,TMIN,DAY
USC00308721,"UPTON COOP NWSFO NEW YORK, NY US",1/1/2020,,41,34,0
USC00308721,"UPTON COOP NWSFO NEW YORK, NY US",1/2/2020,,41,25,1
USC00308721,"UPTON COOP NWSFO NEW YORK, NY US",1/3/2020,,49,25,2
USC00308721,"UPTON COOP NWSFO NEW YORK, NY US",1/4/2020,,45,42,3
USC00308721,"UPTON COOP NWSFO NEW YORK, NY US",1/5/2020,,50,35,4
USC00308721,"UPTON COOP NWSFO NEW YORK, NY US",1/6/2020,,42,28,5
USC00308721,"UPTON COOP NWSFO NEW YORK, NY US",1/7/2020,,45,29,6
USC00308721,"UPTON COOP NWSFO NEW YORK, NY US",1/8/2020,,42,28,7
USC00308721,"UPTON COOP NWSFO NEW YORK, NY US",1/9/2020,,40,22,8
USC00308721,"UPTON COOP NWSFO NEW YORK, NY US",1/10/2020,,40,21,9
USC00308721,"UPTON COOP NWSFO NEW YORK, NY US",1/11/2020,,52,40,10
USC00308721,"UPTON COOP NWSFO NEW YORK, NY US",1/12/2020,,59,50,11
USC00308721,"UPTON COOP NWSFO NEW YORK, NY US",1/13/2020,,67,34,12
USC00308721,"UPTON COOP NWSFO NEW YORK, NY US",1/14/2020,,46,35,13
USC00308721,"UPTON COOP NWSFO NEW YORK, NY US",1/15/2020,,44,35,14
USC00308721,"UPTON COOP NWSFO NEW YORK, NY US",1/16/2020,,49,28,15
USC00308721,"UPTON COOP NWSFO NEW YORK, NY US",1/17/2020,,50,20,16
USC00308721,"UPTON COOP NWSFO NEW YORK, NY US",1/18/2020,,25,16,17
USC00308721,"UPTON COOP NWSFO NEW YORK, NY US",1/19/2020,,40,19,18
USC00308721,"UPTON COOP NWSFO NEW YORK, NY US",1/20/2020,,46,18,19
USC00308721,"UPTON COOP NWSFO NEW YORK, NY US",1/21/2020,,29,16,20
USC00308721,"UPTON COOP NWSFO NEW YORK, NY US",1/22/2020,,30,12,21
USC00308721,"UPTON COOP NWSFO NEW YORK, NY US",1/23/2020,,37,12,22
USC00308721,"UPTON COOP NWSFO NEW YORK, NY US",1/24/2020,,45,14,23
USC00308721,"UPTON COOP NWSFO NEW YORK, NY US",1/25/2020,,53,23,24
USC00308721,"UPTON COOP NWSFO NEW YORK, NY US",1/26/2020,,50,30,25
USC00308721,"UPTON COOP NWSFO NEW YORK, NY US",1/27/2020,,47,30,26
USC00308721,"UPTON COOP NWSFO NEW YORK, NY US",1/28/2020,,46,35,27
USC00308721,"UPTON COOP NWSFO NEW YORK, NY US",1/29/2020,,46,30,28
USC00308721,"UPTON COOP NWSFO NEW YORK, NY US",1/30/2020,,38,21,29
USC00308721,"UPTON COOP NWSFO NEW YORK, NY US",1/31/2020,,37,21,30
USC00308721,"UPTON COOP NWSFO NEW YORK, NY US",2/1/2020,,43,23,31
USC00308721,"UPTON COOP NWSFO NEW YORK, NY US",2/2/2020,,41,34,32
USC00308721,"UPTON COOP NWSFO NEW YORK, NY US",2/3/2020,,43,31,33
USC00308721,"UPTON COOP NWSFO NEW YORK, NY US",2/4/2020,,52,31,34
USC00308721,"UPTON COOP NWSFO NEW YORK, NY US",2/5/2020,,52,35,35
USC00308721,"UPTON COOP NWSFO NEW YORK, NY US",2/6/2020,,41,37,36
USC00308721,"UPTON COOP NWSFO NEW YORK, NY US",2/7/2020,,42,37,37
USC00308721,"UPTON COOP NWSFO NEW YORK, NY US",2/8/2020,,55,27,38
USC00308721,"UPTON COOP NWSFO NEW YORK, NY US",2/9/2020,,41,22,39
USC00308721,"UPTON COOP NWSFO NEW YORK, NY US",2/10/2020,,45,27,40
USC00308721,"UPTON COOP NWSFO NEW YORK, NY US",2/11/2020,,44,41,41
USC00308721,"UPTON COOP NWSFO NEW YORK, NY US",2/12/2020,,44,34,42
USC00308721,"UPTON COOP NWSFO NEW YORK, NY US",2/13/2020,,45,34,43
USC00308721,"UPTON COOP NWSFO NEW YORK, NY US",2/14/2020,,40,29,44
USC00308721,"UPTON COOP NWSFO NEW YORK, NY US",2/15/2020,,32,10,45
USC00308721,"UPTON COOP NWSFO NEW YORK, NY US",2/16/2020,,32,11,46
USC00308721,"UPTON COOP NWSFO NEW YORK, NY US",2/17/2020,,42,27,47
USC00308721,"UPTON COOP NWSFO NEW YORK, NY US",2/18/2020,,49,28,48
USC00308721,"UPTON COOP NWSFO NEW YORK, NY US",2/19/2020,,48,38,49
USC00308721,"UPTON COOP NWSFO NEW YORK, NY US",2/20/2020,,48,25,50
USC00308721,"UPTON COOP NWSFO NEW YORK, NY US",2/21/2020,,33,19,51
USC00308721,"UPTON COOP NWSFO NEW YORK, NY US",2/22/2020,,32,19,52
USC00308721,"UPTON COOP NWSFO NEW YORK, NY US",2/23/2020,,48,20,53
USC00308721,"UPTON COOP NWSFO NEW YORK, NY US",2/24/2020,,54,20,54
USC00308721,"UPTON COOP NWSFO NEW YORK, NY US",2/25/2020,,56,28,55
USC00308721,"UPTON COOP NWSFO NEW YORK, NY US",2/26/2020,,50,42,56
USC00308721,"UPTON COOP NWSFO NEW YORK, NY US",2/27/2020,,50,42,57
USC00308721,"UPTON COOP NWSFO NEW YORK, NY US",2/28/2020,,44,27,58
USC00308721,"UPTON COOP NWSFO NEW YORK, NY US",2/29/2020,,39,22,59
USC00308721,"UPTON COOP NWSFO NEW YORK, NY US",3/1/2020,,38,21,60
USC00308721,"UPTON COOP NWSFO NEW YORK, NY US",3/2/2020,,39,22,61
USC00308721,"UPTON COOP NWSFO NEW YORK, NY US",3/3/2020,,53,33,62
USC00308721,"UPTON COOP NWSFO NEW YORK, NY US",3/4/2020,,56,42,63
USC00308721,"UPTON COOP NWSFO NEW YORK, NY US",3/5/2020,,55,35,64
USC00308721,"UPTON COOP NWSFO NEW YORK, NY US",3/6/2020,,50,28,65
USC00308721,"UPTON COOP NWSFO NEW YORK, NY US",3/7/2020,,49,30,66
USC00308721,"UPTON COOP NWSFO NEW YORK, NY US",3/8/2020,,43,26,67
USC00308721,"UPTON COOP NWSFO NEW YORK, NY US",3/9/2020,,53,28,68
USC00308721,"UPTON COOP NWSFO NEW YORK, NY US",3/10/2020,,65,42,69
USC00308721,"UPTON COOP NWSFO NEW YORK, NY US",3/11/2020,,58,40,70
USC00308721,"UPTON COOP NWSFO NEW YORK, NY US",3/12/2020,,58,28,71
USC00308721,"UPTON COOP NWSFO NEW YORK, NY US",3/13/2020,,51,36,72
USC00308721,"UPTON COOP NWSFO NEW YORK, NY US",3/14/2020,,66,36,73
USC00308721,"UPTON COOP NWSFO NEW YORK, NY US",3/15/2020,,53,38,74
USC00308721,"UPTON COOP NWSFO NEW YORK, NY US",3/16/2020,,50,29,75
USC00308721,"UPTON COOP NWSFO NEW YORK, NY US",3/17/2020,,44,30,76
USC00308721,"UPTON COOP NWSFO NEW YORK, NY US",3/18/2020,,50,28,77
USC00308721,"UPTON COOP NWSFO NEW YORK, NY US",3/19/2020,,53,30,78
USC00308721,"UPTON COOP NWSFO NEW YORK, NY US",3/20/2020,,48,43,79
USC00308721,"UPTON COOP NWSFO NEW YORK, NY US",3/21/2020,,64,40,80
USC00308721,"UPTON COOP NWSFO NEW YORK, NY US",3/22/2020,,50,31,81
USC00308721,"UPTON COOP NWSFO NEW YORK, NY US",3/23/2020,,43,32,82
USC00308721,"UPTON COOP NWSFO NEW YORK, NY US",3/24/2020,,42,33,83
USC00308721,"UPTON COOP NWSFO NEW YORK, NY US",3/25/2020,,52,35,84
USC00308721,"UPTON COOP NWSFO NEW YORK, NY US",3/26/2020,,45,33,85
USC00308721,"UPTON COOP NWSFO NEW YORK, NY US",3/27/2020,,56,36,86
USC00308721,"UPTON COOP NWSFO NEW YORK, NY US",3/28/2020,,64,31,87
USC00308721,"UPTON COOP NWSFO NEW YORK, NY US",3/29/2020,,51,44,88
USC00308721,"UPTON COOP NWSFO NEW YORK, NY US",3/30/2020,,48,39,89
USC00308721,"UPTON COOP NWSFO NEW YORK, NY US",3/31/2020,,47,38,90
USC00308721,"UPTON COOP NWSFO NEW YORK, NY US",4/1/2020,,45,31,91
USC00308721,"UPTON COOP NWSFO NEW YORK, NY US",4/2/2020,,50,35,92
USC00308721,"UPTON COOP NWSFO NEW YORK, NY US",4/3/2020,,56,40,93
USC00308721,"UPTON COOP NWSFO NEW YORK, NY US",4/4/2020,,49,41,94
USC00308721,"UPTON COOP NWSFO NEW YORK, NY US",4/5/2020,,55,41,95
USC00308721,"UPTON COOP NWSFO NEW YORK, NY US",4/6/2020,,54,40,96
USC00308721,"UPTON COOP NWSFO NEW YORK, NY US",4/7/2020,,62,41,97
USC00308721,"UPTON COOP NWSFO NEW YORK, NY US",4/8/2020,,64,46,98
USC00308721,"UPTON COOP NWSFO NEW YORK, NY US",4/9/2020,,55,36,99
USC00308721,"UPTON COOP NWSFO NEW YORK, NY US",4/10/2020,,54,37,100
USC00308721,"UPTON COOP NWSFO NEW YORK, NY US",4/11/2020,,50,37,101
USC00308721,"UPTON COOP NWSFO NEW YORK, NY US",4/12/2020,,52,26,102
USC00308721,"UPTON COOP NWSFO NEW YORK, NY US",4/13/2020,,59,49,103
USC00308721,"UPTON COOP NWSFO NEW YORK, NY US",4/14/2020,,59,42,104
USC00308721,"UPTON COOP NWSFO NEW YORK, NY US",4/15/2020,,55,38,105
USC00308721,"UPTON COOP NWSFO NEW YORK, NY US",4/16/2020,,52,36,106
USC00308721,"UPTON COOP NWSFO NEW YORK, NY US",4/17/2020,,49,27,107
USC00308721,"UPTON COOP NWSFO NEW YORK, NY US",4/18/2020,,49,28,108
USC00308721,"UPTON COOP NWSFO NEW YORK, NY US",4/19/2020,,43,28,109
USC00308721,"UPTON COOP NWSFO NEW YORK, NY US",4/20/2020,,56,40,110
USC00308721,"UPTON COOP NWSFO NEW YORK, NY US",4/21/2020,,54,36,111
USC00308721,"UPTON COOP NWSFO NEW YORK, NY US",4/22/2020,,54,33,112
USC00308721,"UPTON COOP NWSFO NEW YORK, NY US",4/23/2020,,48,28,113
USC00308721,"UPTON COOP NWSFO NEW YORK, NY US",4/24/2020,,46,37,114
USC00308721,"UPTON COOP NWSFO NEW YORK, NY US",4/25/2020,,45,31,115
USC00308721,"UPTON COOP NWSFO NEW YORK, NY US",4/26/2020,,63,41,116
USC00308721,"UPTON COOP NWSFO NEW YORK, NY US",4/27/2020,,51,38,117
USC00308721,"UPTON COOP NWSFO NEW YORK, NY US",4/28/2020,,45,38,118
USC00308721,"UPTON COOP NWSFO NEW YORK, NY US",4/29/2020,,59,35,119
USC00308721,"UPTON COOP NWSFO NEW YORK, NY US",4/30/2020,,53,44,120
USC00308721,"UPTON COOP NWSFO NEW YORK, NY US",5/1/2020,,59,47,121
USC00308721,"UPTON COOP NWSFO NEW YORK, NY US",5/2/2020,,64,45,122
USC00308721,"UPTON COOP NWSFO NEW YORK, NY US",5/3/2020,,69,50,123
USC00308721,"UPTON COOP NWSFO NEW YORK, NY US",5/4/2020,,72,51,124
USC00308721,"UPTON COOP NWSFO NEW YORK, NY US",5/5/2020,,73,38,125
USC00308721,"UPTON COOP NWSFO NEW YORK, NY US",5/6/2020,,58,36,126
USC00308721,"UPTON COOP NWSFO NEW YORK, NY US",5/7/2020,,53,39,127
USC00308721,"UPTON COOP NWSFO NEW YORK, NY US",5/8/2020,,64,46,128
USC00308721,"UPTON COOP NWSFO NEW YORK, NY US",5/9/2020,,54,33,129
USC00308721,"UPTON COOP NWSFO NEW YORK, NY US",5/10/2020,,48,33,130
USC00308721,"UPTON COOP NWSFO NEW YORK, NY US",5/11/2020,,59,43,131
USC00308721,"UPTON COOP NWSFO NEW YORK, NY US",5/12/2020,,60,40,132
USC00308721,"UPTON COOP NWSFO NEW YORK, NY US",5/13/2020,,58,34,133
USC00308721,"UPTON COOP NWSFO NEW YORK, NY US",5/14/2020,,58,32,134
USC00308721,"UPTON COOP NWSFO NEW YORK, NY US",5/15/2020,,65,49,135
USC00308721,"UPTON COOP NWSFO NEW YORK, NY US",5/16/2020,,78,56,136
USC00308721,"UPTON COOP NWSFO NEW YORK, NY US",5/17/2020,,74,47,137
USC00308721,"UPTON COOP NWSFO NEW YORK, NY US",5/18/2020,,65,50,138
USC00308721,"UPTON COOP NWSFO NEW YORK, NY US",5/19/2020,,69,50,139
USC00308721,"UPTON COOP NWSFO NEW YORK, NY US",5/20/2020,,65,42,140
USC00308721,"UPTON COOP NWSFO NEW YORK, NY US",5/21/2020,,64,31,141
USC00308721,"UPTON COOP NWSFO NEW YORK, NY US",5/22/2020,,64,45,142
USC00308721,"UPTON COOP NWSFO NEW YORK, NY US",5/23/2020,,74,59,143
USC00308721,"UPTON COOP NWSFO NEW YORK, NY US",5/24/2020,,72,46,144
USC00308721,"UPTON COOP NWSFO NEW YORK, NY US",5/25/2020,,69,50,145
USC00308721,"UPTON COOP NWSFO NEW YORK, NY US",5/26/2020,,70,50,146
USC00308721,"UPTON COOP NWSFO NEW YORK, NY US",5/27/2020,,75,57,147
USC00308721,"UPTON COOP NWSFO NEW YORK, NY US",5/28/2020,,75,58,148
USC00308721,"UPTON COOP NWSFO NEW YORK, NY US",5/29/2020,,73,62,149
USC00308721,"UPTON COOP NWSFO NEW YORK, NY US",5/30/2020,,69,61,150
USC00308721,"UPTON COOP NWSFO NEW YORK, NY US",5/31/2020,,79,56,151
USC00308721,"UPTON COOP NWSFO NEW YORK, NY US",6/1/2020,,68,42,152
USC00308721,"UPTON COOP NWSFO NEW YORK, NY US",6/2/2020,,66,48,153
USC00308721,"UPTON COOP NWSFO NEW YORK, NY US",6/3/2020,,70,59,154
USC00308721,"UPTON COOP NWSFO NEW YORK, NY US",6/4/2020,,77,57,155
USC00308721,"UPTON COOP NWSFO NEW YORK, NY US",6/5/2020,,82,64,156
USC00308721,"UPTON COOP NWSFO NEW YORK, NY US",6/6/2020,,78,64,157
USC00308721,"UPTON COOP NWSFO NEW YORK, NY US",6/7/2020,,82,59,158
USC00308721,"UPTON COOP NWSFO NEW YORK, NY US",6/8/2020,,74,50,159
USC00308721,"UPTON COOP NWSFO NEW YORK, NY US",6/9/2020,,76,52,160
USC00308721,"UPTON COOP NWSFO NEW YORK, NY US",6/10/2020,,83,62,161
USC00308721,"UPTON COOP NWSFO NEW YORK, NY US",6/11/2020,,79,65,162
USC00308721,"UPTON COOP NWSFO NEW YORK, NY US",6/12/2020,,79,64,163
USC00308721,"UPTON COOP NWSFO NEW YORK, NY US",6/13/2020,,83,58,164
USC00308721,"UPTON COOP NWSFO NEW YORK, NY US",6/14/2020,,72,51,165
USC00308721,"UPTON COOP NWSFO NEW YORK, NY US",6/15/2020,,71,50,166
USC00308721,"UPTON COOP NWSFO NEW YORK, NY US",6/16/2020,,73,47,167
USC00308721,"UPTON COOP NWSFO NEW YORK, NY US",6/17/2020,,75,49,168
USC00308721,"UPTON COOP NWSFO NEW YORK, NY US",6/18/2020,,75,60,169
USC00308721,"UPTON COOP NWSFO NEW YORK, NY US",6/19/2020,,76,63,170
USC00308721,"UPTON COOP NWSFO NEW YORK, NY US",6/20/2020,,79,62,171
USC00308721,"UPTON COOP NWSFO NEW YORK, NY US",6/21/2020,,82,62,172
USC00308721,"UPTON COOP NWSFO NEW YORK, NY US",6/22/2020,,83,65,173
USC00308721,"UPTON COOP NWSFO NEW YORK, NY US",6/23/2020,,89,65,174
USC00308721,"UPTON COOP NWSFO NEW YORK, NY US",6/24/2020,,82,70,175
USC00308721,"UPTON COOP NWSFO NEW YORK, NY US",6/25/2020,,85,61,176
USC00308721,"UPTON COOP NWSFO NEW YORK, NY US",6/26/2020,,84,63,177
USC00308721,"UPTON COOP NWSFO NEW YORK, NY US",6/27/2020,,86,61,178
USC00308721,"UPTON COOP NWSFO NEW YORK, NY US",6/28/2020,,78,64,179
USC00308721,"UPTON COOP NWSFO NEW YORK, NY US",6/29/2020,,84,67,180
USC00308721,"UPTON COOP NWSFO NEW YORK, NY US",6/30/2020,,83,60,181
USC00308721,"UPTON COOP NWSFO NEW YORK, NY US",7/1/2020,,77,58,182
USC00308721,"UPTON COOP NWSFO NEW YORK, NY US",7/2/2020,,82,61,183
USC00308721,"UPTON COOP NWSFO NEW YORK, NY US",7/3/2020,,86,67,184
USC00308721,"UPTON COOP NWSFO NEW YORK, NY US",7/4/2020,,87,63,185
USC00308721,"UPTON COOP NWSFO NEW YORK, NY US",7/5/2020,,80,64,186
USC00308721,"UPTON COOP NWSFO NEW YORK, NY US",7/6/2020,,83,67,187
USC00308721,"UPTON COOP NWSFO NEW YORK, NY US",7/7/2020,,89,67,188
USC00308721,"UPTON COOP NWSFO NEW YORK, NY US",7/8/2020,,74,67,189
USC00308721,"UPTON COOP NWSFO NEW YORK, NY US",7/9/2020,,82,66,190
USC00308721,"UPTON COOP NWSFO NEW YORK, NY US",7/10/2020,,84,71,191
USC00308721,"UPTON COOP NWSFO NEW YORK, NY US",7/11/2020,,77,71,192
USC00308721,"UPTON COOP NWSFO NEW YORK, NY US",7/12/2020,,79,68,193
USC00308721,"UPTON COOP NWSFO NEW YORK, NY US",7/13/2020,,85,70,194
USC00308721,"UPTON COOP NWSFO NEW YORK, NY US",7/14/2020,,86,66,195
USC00308721,"UPTON COOP NWSFO NEW YORK, NY US",7/15/2020,,84,64,196
USC00308721,"UPTON COOP NWSFO NEW YORK, NY US",7/16/2020,,77,60,197
USC00308721,"UPTON COOP NWSFO NEW YORK, NY US",7/17/2020,,75,61,198
USC00308721,"UPTON COOP NWSFO NEW YORK, NY US",7/18/2020,,77,66,199
USC00308721,"UPTON COOP NWSFO NEW YORK, NY US",7/19/2020,,87,69,200
USC00308721,"UPTON COOP NWSFO NEW YORK, NY US",7/20/2020,,87,74,201
USC00308721,"UPTON COOP NWSFO NEW YORK, NY US",7/21/2020,,91,68,202
USC00308721,"UPTON COOP NWSFO NEW YORK, NY US",7/22/2020,,90,69,203
USC00308721,"UPTON COOP NWSFO NEW YORK, NY US",7/23/2020,,85,71,204
USC00308721,"UPTON COOP NWSFO NEW YORK, NY US",7/24/2020,,84,71,205
USC00308721,"UPTON COOP NWSFO NEW YORK, NY US",7/25/2020,,76,64,206
USC00308721,"UPTON COOP NWSFO NEW YORK, NY US",7/26/2020,,85,72,207
USC00308721,"UPTON COOP NWSFO NEW YORK, NY US",7/27/2020,,90,68,208
USC00308721,"UPTON COOP NWSFO NEW YORK, NY US",7/28/2020,,93,74,209
USC00308721,"UPTON COOP NWSFO NEW YORK, NY US",7/29/2020,,93,70,210
USC00308721,"UPTON COOP NWSFO NEW YORK, NY US",7/30/2020,,85,68,211
USC00308721,"UPTON COOP NWSFO NEW YORK, NY US",7/31/2020,,87,68,212
USC00308721,"UPTON COOP NWSFO NEW YORK, NY US",8/1/2020,,77,62,213
USC00308721,"UPTON COOP NWSFO NEW YORK, NY US",8/2/2020,,86,70,214
USC00308721,"UPTON COOP NWSFO NEW YORK, NY US",8/3/2020,,80,75,215
USC00308721,"UPTON COOP NWSFO NEW YORK, NY US",8/4/2020,,86,71,216
USC00308721,"UPTON COOP NWSFO NEW YORK, NY US",8/5/2020,,79,69,217
USC00308721,"UPTON COOP NWSFO NEW YORK, NY US",8/6/2020,,85,62,218
USC00308721,"UPTON COOP NWSFO NEW YORK, NY US",8/7/2020,,78,64,219
USC00308721,"UPTON COOP NWSFO NEW YORK, NY US",8/8/2020,,78,68,220
USC00308721,"UPTON COOP NWSFO NEW YORK, NY US",8/9/2020,,80,62,221
USC00308721,"UPTON COOP NWSFO NEW YORK, NY US",8/10/2020,,83,64,222
USC00308721,"UPTON COOP NWSFO NEW YORK, NY US",8/11/2020,,89,71,223
USC00308721,"UPTON COOP NWSFO NEW YORK, NY US",8/12/2020,,84,70,224
USC00308721,"UPTON COOP NWSFO NEW YORK, NY US",8/13/2020,,87,71,225
USC00308721,"UPTON COOP NWSFO NEW YORK, NY US",8/14/2020,,81,68,226
USC00308721,"UPTON COOP NWSFO NEW YORK, NY US",8/15/2020,,86,65,227
USC00308721,"UPTON COOP NWSFO NEW YORK, NY US",8/16/2020,,79,66,228
USC00308721,"UPTON COOP NWSFO NEW YORK, NY US",8/17/2020,,68,62,229
USC00308721,"UPTON COOP NWSFO NEW YORK, NY US",8/18/2020,,79,64,230
USC00308721,"UPTON COOP NWSFO NEW YORK, NY US",8/19/2020,,82,62,231
USC00308721,"UPTON COOP NWSFO NEW YORK, NY US",8/20/2020,,69,55,232
USC00308721,"UPTON COOP NWSFO NEW YORK, NY US",8/21/2020,,76,56,233
USC00308721,"UPTON COOP NWSFO NEW YORK, NY US",8/22/2020,,80,65,234
USC00308721,"UPTON COOP NWSFO NEW YORK, NY US",8/23/2020,,85,68,235
USC00308721,"UPTON COOP NWSFO NEW YORK, NY US",8/24/2020,,82,70,236
USC00308721,"UPTON COOP NWSFO NEW YORK, NY US",8/25/2020,,87,69,237
USC00308721,"UPTON COOP NWSFO NEW YORK, NY US",8/26/2020,,88,64,238
USC00308721,"UPTON COOP NWSFO NEW YORK, NY US",8/27/2020,,77,63,239
USC00308721,"UPTON COOP NWSFO NEW YORK, NY US",8/28/2020,,87,64,240
USC00308721,"UPTON COOP NWSFO NEW YORK, NY US",8/29/2020,,83,69,241
USC00308721,"UPTON COOP NWSFO NEW YORK, NY US",8/30/2020,,77,65,242
USC00308721,"UPTON COOP NWSFO NEW YORK, NY US",8/31/2020,,78,51,243
USC00308721,"UPTON COOP NWSFO NEW YORK, NY US",9/1/2020,,73,57,244
USC00308721,"UPTON COOP NWSFO NEW YORK, NY US",9/2/2020,,78,66,245
USC00308721,"UPTON COOP NWSFO NEW YORK, NY US",9/3/2020,,76,67,246
USC00308721,"UPTON COOP NWSFO NEW YORK, NY US",9/4/2020,,83,67,247
USC00308721,"UPTON COOP NWSFO NEW YORK, NY US",9/5/2020,,85,61,248
USC00308721,"UPTON COOP NWSFO NEW YORK, NY US",9/6/2020,,77,56,249
USC00308721,"UPTON COOP NWSFO NEW YORK, NY US",9/7/2020,,80,57,250
USC00308721,"UPTON COOP NWSFO NEW YORK, NY US",9/8/2020,,78,56,251
USC00308721,"UPTON COOP NWSFO NEW YORK, NY US",9/9/2020,,83,57,252
USC00308721,"UPTON COOP NWSFO NEW YORK, NY US",9/10/2020,,76,63,253
USC00308721,"UPTON COOP NWSFO NEW YORK, NY US",9/11/2020,,79,67,254
USC00308721,"UPTON COOP NWSFO NEW YORK, NY US",9/12/2020,,79,52,255
USC00308721,"UPTON COOP NWSFO NEW YORK, NY US",9/13/2020,,70,53,256
USC00308721,"UPTON COOP NWSFO NEW YORK, NY US",9/14/2020,,74,61,257
USC00308721,"UPTON COOP NWSFO NEW YORK, NY US",9/15/2020,,74,51,258
USC00308721,"UPTON COOP NWSFO NEW YORK, NY US",9/16/2020,,65,44,259
USC00308721,"UPTON COOP NWSFO NEW YORK, NY US",9/17/2020,,70,50,260
USC00308721,"UPTON COOP NWSFO NEW YORK, NY US",9/18/2020,,75,59,261
USC00308721,"UPTON COOP NWSFO NEW YORK, NY US",9/19/2020,,67,49,262
USC00308721,"UPTON COOP NWSFO NEW YORK, NY US",9/20/2020,,61,41,263
USC00308721,"UPTON COOP NWSFO NEW YORK, NY US",9/21/2020,,62,38,264
USC00308721,"UPTON COOP NWSFO NEW YORK, NY US",9/22/2020,,63,38,265
USC00308721,"UPTON COOP NWSFO NEW YORK, NY US",9/23/2020,,69,38,266
USC00308721,"UPTON COOP NWSFO NEW YORK, NY US",9/24/2020,,78,49,267
USC00308721,"UPTON COOP NWSFO NEW YORK, NY US",9/25/2020,,75,52,268
USC00308721,"UPTON COOP NWSFO NEW YORK, NY US",9/26/2020,,77,56,269
USC00308721,"UPTON COOP NWSFO NEW YORK, NY US",9/27/2020,,76,60,270
USC00308721,"UPTON COOP NWSFO NEW YORK, NY US",9/28/2020,,76,65,271
USC00308721,"UPTON COOP NWSFO NEW YORK, NY US",9/29/2020,,76,63,272
USC00308721,"UPTON COOP NWSFO NEW YORK, NY US",9/30/2020,,73,65,273
USC00308721,"UPTON COOP NWSFO NEW YORK, NY US",10/1/2020,,70,54,274
USC00308721,"UPTON COOP NWSFO NEW YORK, NY US",10/2/2020,,73,57,275
USC00308721,"UPTON COOP NWSFO NEW YORK, NY US",10/3/2020,,62,44,276
USC00308721,"UPTON COOP NWSFO NEW YORK, NY US",10/4/2020,,67,38,277
USC00308721,"UPTON COOP NWSFO NEW YORK, NY US",10/5/2020,,66,41,278
USC00308721,"UPTON COOP NWSFO NEW YORK, NY US",10/6/2020,,65,42,279
USC00308721,"UPTON COOP NWSFO NEW YORK, NY US",10/7/2020,,68,44,280
USC00308721,"UPTON COOP NWSFO NEW YORK, NY US",10/8/2020,,73,52,281
USC00308721,"UPTON COOP NWSFO NEW YORK, NY US",10/9/2020,,65,41,282
USC00308721,"UPTON COOP NWSFO NEW YORK, NY US",10/10/2020,,64,44,283
USC00308721,"UPTON COOP NWSFO NEW YORK, NY US",10/11/2020,,70,58,284
USC00308721,"UPTON COOP NWSFO NEW YORK, NY US",10/12/2020,,65,50,285
USC00308721,"UPTON COOP NWSFO NEW YORK, NY US",10/13/2020,,57,50,286
USC00308721,"UPTON COOP NWSFO NEW YORK, NY US",10/14/2020,,62,45,287
USC00308721,"UPTON COOP NWSFO NEW YORK, NY US",10/15/2020,,67,45,288
USC00308721,"UPTON COOP NWSFO NEW YORK, NY US",10/16/2020,,69,51,289
USC00308721,"UPTON COOP NWSFO NEW YORK, NY US",10/17/2020,,67,43,290
USC00308721,"UPTON COOP NWSFO NEW YORK, NY US",10/18/2020,,58,32,291
USC00308721,"UPTON COOP NWSFO NEW YORK, NY US",10/19/2020,,62,33,292
USC00308721,"UPTON COOP NWSFO NEW YORK, NY US",10/20/2020,,66,41,293
USC00308721,"UPTON COOP NWSFO NEW YORK, NY US",10/21/2020,,65,56,294
USC00308721,"UPTON COOP NWSFO NEW YORK, NY US",10/22/2020,,69,60,295
USC00308721,"UPTON COOP NWSFO NEW YORK, NY US",10/23/2020,,73,61,296
USC00308721,"UPTON COOP NWSFO NEW YORK, NY US",10/24/2020,,63,58,297
USC00308721,"UPTON COOP NWSFO NEW YORK, NY US",10/25/2020,,67,43,298
USC00308721,"UPTON COOP NWSFO NEW YORK, NY US",10/26/2020,,52,44,299
USC00308721,"UPTON COOP NWSFO NEW YORK, NY US",10/27/2020,,58,52,300
USC00308721,"UPTON COOP NWSFO NEW YORK, NY US",10/28/2020,,60,49,301
USC00308721,"UPTON COOP NWSFO NEW YORK, NY US",10/29/2020,,57,49,302
USC00308721,"UPTON COOP NWSFO NEW YORK, NY US",10/30/2020,,50,39,303
USC00308721,"UPTON COOP NWSFO NEW YORK, NY US",10/31/2020,,39,27,304
USC00308721,"UPTON COOP NWSFO NEW YORK, NY US",11/1/2020,,48,29,305
USC00308721,"UPTON COOP NWSFO NEW YORK, NY US",11/2/2020,,56,36,306
USC00308721,"UPTON COOP NWSFO NEW YORK, NY US",11/3/2020,,44,38,307
USC00308721,"UPTON COOP NWSFO NEW YORK, NY US",11/4/2020,,52,30,308
USC00308721,"UPTON COOP NWSFO NEW YORK, NY US",11/5/2020,,61,32,309
USC00308721,"UPTON COOP NWSFO NEW YORK, NY US",11/6/2020,,65,49,310
USC00308721,"UPTON COOP NWSFO NEW YORK, NY US",11/7/2020,,66,42,311
USC00308721,"UPTON COOP NWSFO NEW YORK, NY US",11/8/2020,,73,38,312
USC00308721,"UPTON COOP NWSFO NEW YORK, NY US",11/9/2020,,74,36,313
USC00308721,"UPTON COOP NWSFO NEW YORK, NY US",11/10/2020,,75,40,314
USC00308721,"UPTON COOP NWSFO NEW YORK, NY US",11/11/2020,,71,50,315
USC00308721,"UPTON COOP NWSFO NEW YORK, NY US",11/12/2020,,68,60,316
USC00308721,"UPTON COOP NWSFO NEW YORK, NY US",11/13/2020,,63,46,317
USC00308721,"UPTON COOP NWSFO NEW YORK, NY US",11/14/2020,,53,34,318
USC00308721,"UPTON COOP NWSFO NEW YORK, NY US",11/15/2020,,51,26,319
USC00308721,"UPTON COOP NWSFO NEW YORK, NY US",11/16/2020,,62,27,320
USC00308721,"UPTON COOP NWSFO NEW YORK, NY US",11/17/2020,,55,30,321
USC00308721,"UPTON COOP NWSFO NEW YORK, NY US",11/18/2020,,49,31,322
USC00308721,"UPTON COOP NWSFO NEW YORK, NY US",11/19/2020,,36,19,323
USC00308721,"UPTON COOP NWSFO NEW YORK, NY US",11/20/2020,,49,20,324
USC00308721,"UPTON COOP NWSFO NEW YORK, NY US",11/21/2020,,58,40,325
USC00308721,"UPTON COOP NWSFO NEW YORK, NY US",11/22/2020,,64,39,326
USC00308721,"UPTON COOP NWSFO NEW YORK, NY US",11/23/2020,,59,43,327
USC00308721,"UPTON COOP NWSFO NEW YORK, NY US",11/24/2020,,58,29,328
USC00308721,"UPTON COOP NWSFO NEW YORK, NY US",11/25/2020,,47,28,329
USC00308721,"UPTON COOP NWSFO NEW YORK, NY US",11/26/2020,,58,38,330
USC00308721,"UPTON COOP NWSFO NEW YORK, NY US",11/27/2020,,60,38,331
USC00308721,"UPTON COOP NWSFO NEW YORK, NY US",11/28/2020,,60,38,332
USC00308721,"UPTON COOP NWSFO NEW YORK, NY US",11/29/2020,,55,28,333
USC00308721,"UPTON COOP NWSFO NEW YORK, NY US",11/30/2020,,53,28,334
USC00308721,"UPTON COOP NWSFO NEW YORK, NY US",12/1/2020,,62,51,335
USC00308721,"UPTON COOP NWSFO NEW YORK, NY US",12/2/2020,,56,34,336
USC00308721,"UPTON COOP NWSFO NEW YORK, NY US",12/3/2020,,44,27,337
USC00308721,"UPTON COOP NWSFO NEW YORK, NY US",12/4/2020,,50,32,338
USC00308721,"UPTON COOP NWSFO NEW YORK, NY US",12/5/2020,,54,43,339
USC00308721,"UPTON COOP NWSFO NEW YORK, NY US",12/6/2020,,46,35,340
USC00308721,"UPTON COOP NWSFO NEW YORK, NY US",12/7/2020,,42,25,341
USC00308721,"UPTON COOP NWSFO NEW YORK, NY US",12/8/2020,,40,26,342
USC00308721,"UPTON COOP NWSFO NEW YORK, NY US",12/9/2020,,32,21,343
USC00308721,"UPTON COOP NWSFO NEW YORK, NY US",12/10/2020,,38,24,344
USC00308721,"UPTON COOP NWSFO NEW YORK, NY US",12/11/2020,,49,24,345
USC00308721,"UPTON COOP NWSFO NEW YORK, NY US",12/12/2020,,52,24,346
USC00308721,"UPTON COOP NWSFO NEW YORK, NY US",12/13/2020,,57,42,347
USC00308721,"UPTON COOP NWSFO NEW YORK, NY US",12/14/2020,,61,38,348
USC00308721,"UPTON COOP NWSFO NEW YORK, NY US",12/15/2020,,39,29,349
USC00308721,"UPTON COOP NWSFO NEW YORK, NY US",12/16/2020,,39,23,350
USC00308721,"UPTON COOP NWSFO NEW YORK, NY US",12/17/2020,,34,24,351
USC00308721,"UPTON COOP NWSFO NEW YORK, NY US",12/18/2020,,27,24,352
USC00308721,"UPTON COOP NWSFO NEW YORK, NY US",12/19/2020,,30,16,353
USC00308721,"UPTON COOP NWSFO NEW YORK, NY US",12/20/2020,,35,15,354
USC00308721,"UPTON COOP NWSFO NEW YORK, NY US",12/21/2020,,35,23,355
USC00308721,"UPTON COOP NWSFO NEW YORK, NY US",12/22/2020,,41,30,356
USC00308721,"UPTON COOP NWSFO NEW YORK, NY US",12/23/2020,,45,30,357
USC00308721,"UPTON COOP NWSFO NEW YORK, NY US",12/24/2020,,50,29,358
USC00308721,"UPTON COOP NWSFO NEW YORK, NY US",12/25/2020,,60,47,359
USC00308721,"UPTON COOP NWSFO NEW YORK, NY US",12/26/2020,,56,23,360
USC00308721,"UPTON COOP NWSFO NEW YORK, NY US",12/27/2020,,32,18,361
USC00308721,"UPTON COOP NWSFO NEW YORK, NY US",12/28/2020,,39,19,362
USC00308721,"UPTON COOP NWSFO NEW YORK, NY US",12/29/2020,,50,25,363
USC00308721,"UPTON COOP NWSFO NEW YORK, NY US",12/30/2020,,39,21,364
USC00308721,"UPTON COOP NWSFO NEW YORK, NY US",12/31/2020,,48,22,365
,,,,,,
STATION,NAME,DATE,TAVG,temps,TMIN,DAY
USW00094728,"NY CITY CENTRAL PARK, NY US",1/1/2018,,19,7,0
USW00094728,"NY CITY CENTRAL PARK, NY US",1/2/2018,,26,13,1
USW00094728,"NY CITY CENTRAL PARK, NY US",1/3/2018,,30,16,2
USW00094728,"NY CITY CENTRAL PARK, NY US",1/4/2018,,29,19,3
USW00094728,"NY CITY CENTRAL PARK, NY US",1/5/2018,,19,9,4
USW00094728,"NY CITY CENTRAL PARK, NY US",1/6/2018,,13,6,5
USW00094728,"NY CITY CENTRAL PARK, NY US",1/7/2018,,18,5,6
USW00094728,"NY CITY CENTRAL PARK, NY US",1/8/2018,,31,17,7
USW00094728,"NY CITY CENTRAL PARK, NY US",1/9/2018,,44,30,8
USW00094728,"NY CITY CENTRAL PARK, NY US",1/10/2018,,43,30,9
USW00094728,"NY CITY CENTRAL PARK, NY US",1/11/2018,,53,41,10
USW00094728,"NY CITY CENTRAL PARK, NY US",1/12/2018,,61,44,11
USW00094728,"NY CITY CENTRAL PARK, NY US",1/13/2018,,58,19,12
USW00094728,"NY CITY CENTRAL PARK, NY US",1/14/2018,,25,15,13
USW00094728,"NY CITY CENTRAL PARK, NY US",1/15/2018,,30,16,14
USW00094728,"NY CITY CENTRAL PARK, NY US",1/16/2018,,36,25,15
USW00094728,"NY CITY CENTRAL PARK, NY US",1/17/2018,,36,22,16
USW00094728,"NY CITY CENTRAL PARK, NY US",1/18/2018,,32,18,17
USW00094728,"NY CITY CENTRAL PARK, NY US",1/19/2018,,41,24,18
USW00094728,"NY CITY CENTRAL PARK, NY US",1/20/2018,,52,38,19
USW00094728,"NY CITY CENTRAL PARK, NY US",1/21/2018,,50,42,20
USW00094728,"NY CITY CENTRAL PARK, NY US",1/22/2018,,49,38,21
USW00094728,"NY CITY CENTRAL PARK, NY US",1/23/2018,,60,38,22
USW00094728,"NY CITY CENTRAL PARK, NY US",1/24/2018,,44,27,23
USW00094728,"NY CITY CENTRAL PARK, NY US",1/25/2018,,34,23,24
USW00094728,"NY CITY CENTRAL PARK, NY US",1/26/2018,,38,26,25
USW00094728,"NY CITY CENTRAL PARK, NY US",1/27/2018,,56,35,26
USW00094728,"NY CITY CENTRAL PARK, NY US",1/28/2018,,55,46,27
USW00094728,"NY CITY CENTRAL PARK, NY US",1/29/2018,,47,35,28
USW00094728,"NY CITY CENTRAL PARK, NY US",1/30/2018,,36,24,29
USW00094728,"NY CITY CENTRAL PARK, NY US",1/31/2018,,33,18,30
USW00094728,"NY CITY CENTRAL PARK, NY US",2/1/2018,,45,32,31
USW00094728,"NY CITY CENTRAL PARK, NY US",2/2/2018,,41,17,32
USW00094728,"NY CITY CENTRAL PARK, NY US",2/3/2018,,31,16,33
USW00094728,"NY CITY CENTRAL PARK, NY US",2/4/2018,,46,30,34
USW00094728,"NY CITY CENTRAL PARK, NY US",2/5/2018,,40,26,35
USW00094728,"NY CITY CENTRAL PARK, NY US",2/6/2018,,37,26,36
USW00094728,"NY CITY CENTRAL PARK, NY US",2/7/2018,,45,30,37
USW00094728,"NY CITY CENTRAL PARK, NY US",2/8/2018,,33,25,38
USW00094728,"NY CITY CENTRAL PARK, NY US",2/9/2018,,39,26,39
USW00094728,"NY CITY CENTRAL PARK, NY US",2/10/2018,,50,39,40
USW00094728,"NY CITY CENTRAL PARK, NY US",2/11/2018,,62,45,41
USW00094728,"NY CITY CENTRAL PARK, NY US",2/12/2018,,62,32,42
USW00094728,"NY CITY CENTRAL PARK, NY US",2/13/2018,,38,26,43
USW00094728,"NY CITY CENTRAL PARK, NY US",2/14/2018,,53,35,44
USW00094728,"NY CITY CENTRAL PARK, NY US",2/15/2018,,62,46,45
USW00094728,"NY CITY CENTRAL PARK, NY US",2/16/2018,,58,36,46
USW00094728,"NY CITY CENTRAL PARK, NY US",2/17/2018,,40,28,47
USW00094728,"NY CITY CENTRAL PARK, NY US",2/18/2018,,44,33,48
USW00094728,"NY CITY CENTRAL PARK, NY US",2/19/2018,,49,36,49
USW00094728,"NY CITY CENTRAL PARK, NY US",2/20/2018,,67,47,50
USW00094728,"NY CITY CENTRAL PARK, NY US",2/21/2018,,78,55,51
USW00094728,"NY CITY CENTRAL PARK, NY US",2/22/2018,,59,37,52
USW00094728,"NY CITY CENTRAL PARK, NY US",2/23/2018,,42,36,53
USW00094728,"NY CITY CENTRAL PARK, NY US",2/24/2018,,55,42,54
USW00094728,"NY CITY CENTRAL PARK, NY US",2/25/2018,,44,40,55
USW00094728,"NY CITY CENTRAL PARK, NY US",2/26/2018,,52,43,56
USW00094728,"NY CITY CENTRAL PARK, NY US",2/27/2018,,56,39,57
USW00094728,"NY CITY CENTRAL PARK, NY US",2/28/2018,,61,42,58
USW00094728,"NY CITY CENTRAL PARK, NY US",3/1/2018,,60,44,59
USW00094728,"NY CITY CENTRAL PARK, NY US",3/2/2018,,44,34,60
USW00094728,"NY CITY CENTRAL PARK, NY US",3/3/2018,,49,36,61
USW00094728,"NY CITY CENTRAL PARK, NY US",3/4/2018,,44,34,62
USW00094728,"NY CITY CENTRAL PARK, NY US",3/5/2018,,43,33,63
USW00094728,"NY CITY CENTRAL PARK, NY US",3/6/2018,,47,32,64
USW00094728,"NY CITY CENTRAL PARK, NY US",3/7/2018,,39,33,65
USW00094728,"NY CITY CENTRAL PARK, NY US",3/8/2018,,39,33,66
USW00094728,"NY CITY CENTRAL PARK, NY US",3/9/2018,,42,30,67
USW00094728,"NY CITY CENTRAL PARK, NY US",3/10/2018,,40,31,68
USW00094728,"NY CITY CENTRAL PARK, NY US",3/11/2018,,45,32,69
USW00094728,"NY CITY CENTRAL PARK, NY US",3/12/2018,,43,32,70
USW00094728,"NY CITY CENTRAL PARK, NY US",3/13/2018,,40,33,71
USW00094728,"NY CITY CENTRAL PARK, NY US",3/14/2018,,41,31,72
USW00094728,"NY CITY CENTRAL PARK, NY US",3/15/2018,,48,32,73
USW00094728,"NY CITY CENTRAL PARK, NY US",3/16/2018,,40,30,74
USW00094728,"NY CITY CENTRAL PARK, NY US",3/17/2018,,48,27,75
USW00094728,"NY CITY CENTRAL PARK, NY US",3/18/2018,,43,28,76
USW00094728,"NY CITY CENTRAL PARK, NY US",3/19/2018,,47,33,77
USW00094728,"NY CITY CENTRAL PARK, NY US",3/20/2018,,39,30,78
USW00094728,"NY CITY CENTRAL PARK, NY US",3/21/2018,,39,31,79
USW00094728,"NY CITY CENTRAL PARK, NY US",3/22/2018,,50,32,80
USW00094728,"NY CITY CENTRAL PARK, NY US",3/23/2018,,49,35,81
USW00094728,"NY CITY CENTRAL PARK, NY US",3/24/2018,,51,35,82
USW00094728,"NY CITY CENTRAL PARK, NY US",3/25/2018,,45,33,83
USW00094728,"NY CITY CENTRAL PARK, NY US",3/26/2018,,50,34,84
USW00094728,"NY CITY CENTRAL PARK, NY US",3/27/2018,,47,34,85
USW00094728,"NY CITY CENTRAL PARK, NY US",3/28/2018,,52,38,86
USW00094728,"NY CITY CENTRAL PARK, NY US",3/29/2018,,53,49,87
USW00094728,"NY CITY CENTRAL PARK, NY US",3/30/2018,,62,44,88
USW00094728,"NY CITY CENTRAL PARK, NY US",3/31/2018,,58,39,89
USW00094728,"NY CITY CENTRAL PARK, NY US",4/1/2018,,60,43,90
USW00094728,"NY CITY CENTRAL PARK, NY US",4/2/2018,,43,33,91
USW00094728,"NY CITY CENTRAL PARK, NY US",4/3/2018,,43,39,92
USW00094728,"NY CITY CENTRAL PARK, NY US",4/4/2018,,56,40,93
USW00094728,"NY CITY CENTRAL PARK, NY US",4/5/2018,,45,34,94
USW00094728,"NY CITY CENTRAL PARK, NY US",4/6/2018,,62,37,95
USW00094728,"NY CITY CENTRAL PARK, NY US",4/7/2018,,49,37,96
USW00094728,"NY CITY CENTRAL PARK, NY US",4/8/2018,,46,32,97
USW00094728,"NY CITY CENTRAL PARK, NY US",4/9/2018,,49,32,98
USW00094728,"NY CITY CENTRAL PARK, NY US",4/10/2018,,51,38,99
USW00094728,"NY CITY CENTRAL PARK, NY US",4/11/2018,,51,37,100
USW00094728,"NY CITY CENTRAL PARK, NY US",4/12/2018,,63,46,101
USW00094728,"NY CITY CENTRAL PARK, NY US",4/13/2018,,82,60,102
USW00094728,"NY CITY CENTRAL PARK, NY US",4/14/2018,,77,44,103
USW00094728,"NY CITY CENTRAL PARK, NY US",4/15/2018,,44,38,104
USW00094728,"NY CITY CENTRAL PARK, NY US",4/16/2018,,60,39,105
USW00094728,"NY CITY CENTRAL PARK, NY US",4/17/2018,,47,39,106
USW00094728,"NY CITY CENTRAL PARK, NY US",4/18/2018,,55,37,107
USW00094728,"NY CITY CENTRAL PARK, NY US",4/19/2018,,49,38,108
USW00094728,"NY CITY CENTRAL PARK, NY US",4/20/2018,,50,37,109
USW00094728,"NY CITY CENTRAL PARK, NY US",4/21/2018,,63,39,110
USW00094728,"NY CITY CENTRAL PARK, NY US",4/22/2018,,67,44,111
USW00094728,"NY CITY CENTRAL PARK, NY US",4/23/2018,,68,46,112
USW00094728,"NY CITY CENTRAL PARK, NY US",4/24/2018,,66,46,113
USW00094728,"NY CITY CENTRAL PARK, NY US",4/25/2018,,60,52,114
USW00094728,"NY CITY CENTRAL PARK, NY US",4/26/2018,,70,55,115
USW00094728,"NY CITY CENTRAL PARK, NY US",4/27/2018,,59,51,116
USW00094728,"NY CITY CENTRAL PARK, NY US",4/28/2018,,68,50,117
USW00094728,"NY CITY CENTRAL PARK, NY US",4/29/2018,,59,47,118
USW00094728,"NY CITY CENTRAL PARK, NY US",4/30/2018,,51,44,119
USW00094728,"NY CITY CENTRAL PARK, NY US",5/1/2018,,80,48,120
USW00094728,"NY CITY CENTRAL PARK, NY US",5/2/2018,,90,65,121
USW00094728,"NY CITY CENTRAL PARK, NY US",5/3/2018,,92,70,122
USW00094728,"NY CITY CENTRAL PARK, NY US",5/4/2018,,84,72,123
USW00094728,"NY CITY CENTRAL PARK, NY US",5/5/2018,,76,61,124
USW00094728,"NY CITY CENTRAL PARK, NY US",5/6/2018,,66,56,125
USW00094728,"NY CITY CENTRAL PARK, NY US",5/7/2018,,77,54,126
USW00094728,"NY CITY CENTRAL PARK, NY US",5/8/2018,,74,53,127
USW00094728,"NY CITY CENTRAL PARK, NY US",5/9/2018,,77,54,128
USW00094728,"NY CITY CENTRAL PARK, NY US",5/10/2018,,66,54,129
USW00094728,"NY CITY CENTRAL PARK, NY US",5/11/2018,,73,60,130
USW00094728,"NY CITY CENTRAL PARK, NY US",5/12/2018,,63,51,131
USW00094728,"NY CITY CENTRAL PARK, NY US",5/13/2018,,54,52,132
USW00094728,"NY CITY CENTRAL PARK, NY US",5/14/2018,,71,52,133
USW00094728,"NY CITY CENTRAL PARK, NY US",5/15/2018,,88,61,134
USW00094728,"NY CITY CENTRAL PARK, NY US",5/16/2018,,64,56,135
USW00094728,"NY CITY CENTRAL PARK, NY US",5/17/2018,,71,56,136
USW00094728,"NY CITY CENTRAL PARK, NY US",5/18/2018,,67,56,137
USW00094728,"NY CITY CENTRAL PARK, NY US",5/19/2018,,56,49,138
USW00094728,"NY CITY CENTRAL PARK, NY US",5/20/2018,,81,56,139
USW00094728,"NY CITY CENTRAL PARK, NY US",5/21/2018,,79,58,140
USW00094728,"NY CITY CENTRAL PARK, NY US",5/22/2018,,68,55,141
USW00094728,"NY CITY CENTRAL PARK, NY US",5/23/2018,,81,59,142
USW00094728,"NY CITY CENTRAL PARK, NY US",5/24/2018,,83,63,143
USW00094728,"NY CITY CENTRAL PARK, NY US",5/25/2018,,86,65,144
USW00094728,"NY CITY CENTRAL PARK, NY US",5/26/2018,,89,72,145
USW00094728,"NY CITY CENTRAL PARK, NY US",5/27/2018,,80,56,146
USW00094728,"NY CITY CENTRAL PARK, NY US",5/28/2018,,69,56,147
USW00094728,"NY CITY CENTRAL PARK, NY US",5/29/2018,,89,63,148
USW00094728,"NY CITY CENTRAL PARK, NY US",5/30/2018,,78,61,149
USW00094728,"NY CITY CENTRAL PARK, NY US",5/31/2018,,68,63,150
USW00094728,"NY CITY CENTRAL PARK, NY US",6/1/2018,,81,65,151
USW00094728,"NY CITY CENTRAL PARK, NY US",6/2/2018,,87,66,152
USW00094728,"NY CITY CENTRAL PARK, NY US",6/3/2018,,66,51,153
USW00094728,"NY CITY CENTRAL PARK, NY US",6/4/2018,,71,51,154
USW00094728,"NY CITY CENTRAL PARK, NY US",6/5/2018,,75,58,155
USW00094728,"NY CITY CENTRAL PARK, NY US",6/6/2018,,71,58,156
USW00094728,"NY CITY CENTRAL PARK, NY US",6/7/2018,,71,60,157
USW00094728,"NY CITY CENTRAL PARK, NY US",6/8/2018,,82,60,158
USW00094728,"NY CITY CENTRAL PARK, NY US",6/9/2018,,83,67,159
USW00094728,"NY CITY CENTRAL PARK, NY US",6/10/2018,,73,58,160
USW00094728,"NY CITY CENTRAL PARK, NY US",6/11/2018,,73,58,161
USW00094728,"NY CITY CENTRAL PARK, NY US",6/12/2018,,75,57,162
USW00094728,"NY CITY CENTRAL PARK, NY US",6/13/2018,,78,63,163
USW00094728,"NY CITY CENTRAL PARK, NY US",6/14/2018,,84,67,164
USW00094728,"NY CITY CENTRAL PARK, NY US",6/15/2018,,76,63,165
USW00094728,"NY CITY CENTRAL PARK, NY US",6/16/2018,,85,64,166
USW00094728,"NY CITY CENTRAL PARK, NY US",6/17/2018,,91,66,167
USW00094728,"NY CITY CENTRAL PARK, NY US",6/18/2018,,91,73,168
USW00094728,"NY CITY CENTRAL PARK, NY US",6/19/2018,,88,75,169
USW00094728,"NY CITY CENTRAL PARK, NY US",6/20/2018,,83,69,170
USW00094728,"NY CITY CENTRAL PARK, NY US",6/21/2018,,83,65,171
USW00094728,"NY CITY CENTRAL PARK, NY US",6/22/2018,,75,62,172
USW00094728,"NY CITY CENTRAL PARK, NY US",6/23/2018,,66,62,173
USW00094728,"NY CITY CENTRAL PARK, NY US",6/24/2018,,84,66,174
USW00094728,"NY CITY CENTRAL PARK, NY US",6/25/2018,,81,67,175
USW00094728,"NY CITY CENTRAL PARK, NY US",6/26/2018,,78,61,176
USW00094728,"NY CITY CENTRAL PARK, NY US",6/27/2018,,73,66,177
USW00094728,"NY CITY CENTRAL PARK, NY US",6/28/2018,,83,70,178
USW00094728,"NY CITY CENTRAL PARK, NY US",6/29/2018,,89,70,179
USW00094728,"NY CITY CENTRAL PARK, NY US",6/30/2018,,93,72,180
USW00094728,"NY CITY CENTRAL PARK, NY US",7/1/2018,,96,79,181
USW00094728,"NY CITY CENTRAL PARK, NY US",7/2/2018,,95,79,182
USW00094728,"NY CITY CENTRAL PARK, NY US",7/3/2018,,92,77,183
USW00094728,"NY CITY CENTRAL PARK, NY US",7/4/2018,,86,77,184
USW00094728,"NY CITY CENTRAL PARK, NY US",7/5/2018,,90,76,185
USW00094728,"NY CITY CENTRAL PARK, NY US",7/6/2018,,80,69,186
USW00094728,"NY CITY CENTRAL PARK, NY US",7/7/2018,,78,62,187
USW00094728,"NY CITY CENTRAL PARK, NY US",7/8/2018,,84,62,188
USW00094728,"NY CITY CENTRAL PARK, NY US",7/9/2018,,87,67,189
USW00094728,"NY CITY CENTRAL PARK, NY US",7/10/2018,,93,72,190
USW00094728,"NY CITY CENTRAL PARK, NY US",7/11/2018,,88,74,191
USW00094728,"NY CITY CENTRAL PARK, NY US",7/12/2018,,84,64,192
USW00094728,"NY CITY CENTRAL PARK, NY US",7/13/2018,,84,68,193
USW00094728,"NY CITY CENTRAL PARK, NY US",7/14/2018,,88,70,194
USW00094728,"NY CITY CENTRAL PARK, NY US",7/15/2018,,83,69,195
USW00094728,"NY CITY CENTRAL PARK, NY US",7/16/2018,,90,75,196
USW00094728,"NY CITY CENTRAL PARK, NY US",7/17/2018,,88,70,197
USW00094728,"NY CITY CENTRAL PARK, NY US",7/18/2018,,85,66,198
USW00094728,"NY CITY CENTRAL PARK, NY US",7/19/2018,,83,66,199
USW00094728,"NY CITY CENTRAL PARK, NY US",7/20/2018,,82,69,200
USW00094728,"NY CITY CENTRAL PARK, NY US",7/21/2018,,79,65,201
USW00094728,"NY CITY CENTRAL PARK, NY US",7/22/2018,,79,70,202
USW00094728,"NY CITY CENTRAL PARK, NY US",7/23/2018,,80,73,203
USW00094728,"NY CITY CENTRAL PARK, NY US",7/24/2018,,82,75,204
USW00094728,"NY CITY CENTRAL PARK, NY US",7/25/2018,,77,72,205
USW00094728,"NY CITY CENTRAL PARK, NY US",7/26/2018,,85,72,206
USW00094728,"NY CITY CENTRAL PARK, NY US",7/27/2018,,86,68,207
USW00094728,"NY CITY CENTRAL PARK, NY US",7/28/2018,,85,70,208
USW00094728,"NY CITY CENTRAL PARK, NY US",7/29/2018,,82,70,209
USW00094728,"NY CITY CENTRAL PARK, NY US",7/30/2018,,78,68,210
USW00094728,"NY CITY CENTRAL PARK, NY US",7/31/2018,,82,68,211
USW00094728,"NY CITY CENTRAL PARK, NY US",8/1/2018,,84,74,212
USW00094728,"NY CITY CENTRAL PARK, NY US",8/2/2018,,86,76,213
USW00094728,"NY CITY CENTRAL PARK, NY US",8/3/2018,,85,73,214
USW00094728,"NY CITY CENTRAL PARK, NY US",8/4/2018,,84,72,215
USW00094728,"NY CITY CENTRAL PARK, NY US",8/5/2018,,91,73,216
USW00094728,"NY CITY CENTRAL PARK, NY US",8/6/2018,,92,77,217
USW00094728,"NY CITY CENTRAL PARK, NY US",8/7/2018,,90,74,218
USW00094728,"NY CITY CENTRAL PARK, NY US",8/8/2018,,90,76,219
USW00094728,"NY CITY CENTRAL PARK, NY US",8/9/2018,,86,73,220
USW00094728,"NY CITY CENTRAL PARK, NY US",8/10/2018,,86,72,221
USW00094728,"NY CITY CENTRAL PARK, NY US",8/11/2018,,80,70,222
USW00094728,"NY CITY CENTRAL PARK, NY US",8/12/2018,,84,72,223
USW00094728,"NY CITY CENTRAL PARK, NY US",8/13/2018,,75,71,224
USW00094728,"NY CITY CENTRAL PARK, NY US",8/14/2018,,82,71,225
USW00094728,"NY CITY CENTRAL PARK, NY US",8/15/2018,,86,70,226
USW00094728,"NY CITY CENTRAL PARK, NY US",8/16/2018,,88,76,227
USW00094728,"NY CITY CENTRAL PARK, NY US",8/17/2018,,87,72,228
USW00094728,"NY CITY CENTRAL PARK, NY US",8/18/2018,,85,71,229
USW00094728,"NY CITY CENTRAL PARK, NY US",8/19/2018,,72,67,230
USW00094728,"NY CITY CENTRAL PARK, NY US",8/20/2018,,74,67,231
USW00094728,"NY CITY CENTRAL PARK, NY US",8/21/2018,,79,66,232
USW00094728,"NY CITY CENTRAL PARK, NY US",8/22/2018,,82,71,233
USW00094728,"NY CITY CENTRAL PARK, NY US",8/23/2018,,77,65,234
USW00094728,"NY CITY CENTRAL PARK, NY US",8/24/2018,,82,65,235
USW00094728,"NY CITY CENTRAL PARK, NY US",8/25/2018,,80,68,236
USW00094728,"NY CITY CENTRAL PARK, NY US",8/26/2018,,83,69,237
USW00094728,"NY CITY CENTRAL PARK, NY US",8/27/2018,,88,74,238
USW00094728,"NY CITY CENTRAL PARK, NY US",8/28/2018,,94,79,239
USW00094728,"NY CITY CENTRAL PARK, NY US",8/29/2018,,92,81,240
USW00094728,"NY CITY CENTRAL PARK, NY US",8/30/2018,,90,78,241
USW00094728,"NY CITY CENTRAL PARK, NY US",8/31/2018,,78,69,242
USW00094728,"NY CITY CENTRAL PARK, NY US",9/1/2018,,78,69,243
USW00094728,"NY CITY CENTRAL PARK, NY US",9/2/2018,,81,68,244
USW00094728,"NY CITY CENTRAL PARK, NY US",9/3/2018,,90,75,245
USW00094728,"NY CITY CENTRAL PARK, NY US",9/4/2018,,92,77,246
USW00094728,"NY CITY CENTRAL PARK, NY US",9/5/2018,,89,77,247
USW00094728,"NY CITY CENTRAL PARK, NY US",9/6/2018,,93,73,248
USW00094728,"NY CITY CENTRAL PARK, NY US",9/7/2018,,75,69,249
USW00094728,"NY CITY CENTRAL PARK, NY US",9/8/2018,,71,61,250
USW00094728,"NY CITY CENTRAL PARK, NY US",9/9/2018,,62,55,251
USW00094728,"NY CITY CENTRAL PARK, NY US",9/10/2018,,64,54,252
USW00094728,"NY CITY CENTRAL PARK, NY US",9/11/2018,,74,62,253
USW00094728,"NY CITY CENTRAL PARK, NY US",9/12/2018,,77,71,254
USW00094728,"NY CITY CENTRAL PARK, NY US",9/13/2018,,76,69,255
USW00094728,"NY CITY CENTRAL PARK, NY US",9/14/2018,,75,68,256
USW00094728,"NY CITY CENTRAL PARK, NY US",9/15/2018,,80,67,257
USW00094728,"NY CITY CENTRAL PARK, NY US",9/16/2018,,84,67,258
USW00094728,"NY CITY CENTRAL PARK, NY US",9/17/2018,,79,68,259
USW00094728,"NY CITY CENTRAL PARK, NY US",9/18/2018,,79,70,260
USW00094728,"NY CITY CENTRAL PARK, NY US",9/19/2018,,81,68,261
USW00094728,"NY CITY CENTRAL PARK, NY US",9/20/2018,,72,65,262
USW00094728,"NY CITY CENTRAL PARK, NY US",9/21/2018,,72,67,263
USW00094728,"NY CITY CENTRAL PARK, NY US",9/22/2018,,74,62,264
USW00094728,"NY CITY CENTRAL PARK, NY US",9/23/2018,,66,60,265
USW00094728,"NY CITY CENTRAL PARK, NY US",9/24/2018,,69,57,266
USW00094728,"NY CITY CENTRAL PARK, NY US",9/25/2018,,73,59,267
USW00094728,"NY CITY CENTRAL PARK, NY US",9/26/2018,,82,69,268
USW00094728,"NY CITY CENTRAL PARK, NY US",9/27/2018,,72,61,269
USW00094728,"NY CITY CENTRAL PARK, NY US",9/28/2018,,65,56,270
USW00094728,"NY CITY CENTRAL PARK, NY US",9/29/2018,,72,58,271
USW00094728,"NY CITY CENTRAL PARK, NY US",9/30/2018,,70,54,272
USW00094728,"NY CITY CENTRAL PARK, NY US",10/1/2018,,76,63,273
USW00094728,"NY CITY CENTRAL PARK, NY US",10/2/2018,,77,65,274
USW00094728,"NY CITY CENTRAL PARK, NY US",10/3/2018,,74,63,275
USW00094728,"NY CITY CENTRAL PARK, NY US",10/4/2018,,76,61,276
USW00094728,"NY CITY CENTRAL PARK, NY US",10/5/2018,,71,60,277
USW00094728,"NY CITY CENTRAL PARK, NY US",10/6/2018,,68,63,278
USW00094728,"NY CITY CENTRAL PARK, NY US",10/7/2018,,79,67,279
USW00094728,"NY CITY CENTRAL PARK, NY US",10/8/2018,,74,64,280
USW00094728,"NY CITY CENTRAL PARK, NY US",10/9/2018,,77,66,281
USW00094728,"NY CITY CENTRAL PARK, NY US",10/10/2018,,80,71,282
USW00094728,"NY CITY CENTRAL PARK, NY US",10/11/2018,,77,69,283
USW00094728,"NY CITY CENTRAL PARK, NY US",10/12/2018,,68,51,284
USW00094728,"NY CITY CENTRAL PARK, NY US",10/13/2018,,55,46,285
USW00094728,"NY CITY CENTRAL PARK, NY US",10/14/2018,,58,47,286
USW00094728,"NY CITY CENTRAL PARK, NY US",10/15/2018,,68,52,287
USW00094728,"NY CITY CENTRAL PARK, NY US",10/16/2018,,60,47,288
USW00094728,"NY CITY CENTRAL PARK, NY US",10/17/2018,,61,46,289
USW00094728,"NY CITY CENTRAL PARK, NY US",10/18/2018,,50,42,290
USW00094728,"NY CITY CENTRAL PARK, NY US",10/19/2018,,60,43,291
USW00094728,"NY CITY CENTRAL PARK, NY US",10/20/2018,,62,51,292
USW00094728,"NY CITY CENTRAL PARK, NY US",10/21/2018,,51,39,293
USW00094728,"NY CITY CENTRAL PARK, NY US",10/22/2018,,50,39,294
USW00094728,"NY CITY CENTRAL PARK, NY US",10/23/2018,,63,49,295
USW00094728,"NY CITY CENTRAL PARK, NY US",10/24/2018,,54,44,296
USW00094728,"NY CITY CENTRAL PARK, NY US",10/25/2018,,51,40,297
USW00094728,"NY CITY CENTRAL PARK, NY US",10/26/2018,,50,38,298
USW00094728,"NY CITY CENTRAL PARK, NY US",10/27/2018,,51,44,299
USW00094728,"NY CITY CENTRAL PARK, NY US",10/28/2018,,52,45,300
USW00094728,"NY CITY CENTRAL PARK, NY US",10/29/2018,,56,47,301
USW00094728,"NY CITY CENTRAL PARK, NY US",10/30/2018,,55,42,302
USW00094728,"NY CITY CENTRAL PARK, NY US",10/31/2018,,64,44,303
USW00094728,"NY CITY CENTRAL PARK, NY US",11/1/2018,,70,57,304
USW00094728,"NY CITY CENTRAL PARK, NY US",11/2/2018,,72,64,305
USW00094728,"NY CITY CENTRAL PARK, NY US",11/3/2018,,65,48,306
USW00094728,"NY CITY CENTRAL PARK, NY US",11/4/2018,,55,43,307
USW00094728,"NY CITY CENTRAL PARK, NY US",11/5/2018,,53,48,308
USW00094728,"NY CITY CENTRAL PARK, NY US",11/6/2018,,59,49,309
USW00094728,"NY CITY CENTRAL PARK, NY US",11/7/2018,,62,51,310
USW00094728,"NY CITY CENTRAL PARK, NY US",11/8/2018,,56,45,311
USW00094728,"NY CITY CENTRAL PARK, NY US",11/9/2018,,52,40,312
USW00094728,"NY CITY CENTRAL PARK, NY US",11/10/2018,,50,34,313
USW00094728,"NY CITY CENTRAL PARK, NY US",11/11/2018,,46,33,314
USW00094728,"NY CITY CENTRAL PARK, NY US",11/12/2018,,49,37,315
USW00094728,"NY CITY CENTRAL PARK, NY US",11/13/2018,,50,43,316
USW00094728,"NY CITY CENTRAL PARK, NY US",11/14/2018,,43,32,317
USW00094728,"NY CITY CENTRAL PARK, NY US",11/15/2018,,40,28,318
USW00094728,"NY CITY CENTRAL PARK, NY US",11/16/2018,,45,34,319
USW00094728,"NY CITY CENTRAL PARK, NY US",11/17/2018,,47,37,320
USW00094728,"NY CITY CENTRAL PARK, NY US",11/18/2018,,44,39,321
USW00094728,"NY CITY CENTRAL PARK, NY US",11/19/2018,,50,41,322
USW00094728,"NY CITY CENTRAL PARK, NY US",11/20/2018,,47,39,323
USW00094728,"NY CITY CENTRAL PARK, NY US",11/21/2018,,44,27,324
USW00094728,"NY CITY CENTRAL PARK, NY US",11/22/2018,,28,17,325
USW00094728,"NY CITY CENTRAL PARK, NY US",11/23/2018,,32,15,326
USW00094728,"NY CITY CENTRAL PARK, NY US",11/24/2018,,49,31,327
USW00094728,"NY CITY CENTRAL PARK, NY US",11/25/2018,,55,45,328
USW00094728,"NY CITY CENTRAL PARK, NY US",11/26/2018,,53,45,329
USW00094728,"NY CITY CENTRAL PARK, NY US",11/27/2018,,45,37,330
USW00094728,"NY CITY CENTRAL PARK, NY US",11/28/2018,,42,36,331
USW00094728,"NY CITY CENTRAL PARK, NY US",11/29/2018,,46,38,332
USW00094728,"NY CITY CENTRAL PARK, NY US",11/30/2018,,43,38,333
USW00094728,"NY CITY CENTRAL PARK, NY US",12/1/2018,,46,36,334
USW00094728,"NY CITY CENTRAL PARK, NY US",12/2/2018,,56,42,335
USW00094728,"NY CITY CENTRAL PARK, NY US",12/3/2018,,55,46,336
USW00094728,"NY CITY CENTRAL PARK, NY US",12/4/2018,,46,31,337
USW00094728,"NY CITY CENTRAL PARK, NY US",12/5/2018,,37,28,338
USW00094728,"NY CITY CENTRAL PARK, NY US",12/6/2018,,40,30,339
USW00094728,"NY CITY CENTRAL PARK, NY US",12/7/2018,,39,28,340
USW00094728,"NY CITY CENTRAL PARK, NY US",12/8/2018,,36,24,341
USW00094728,"NY CITY CENTRAL PARK, NY US",12/9/2018,,36,28,342
USW00094728,"NY CITY CENTRAL PARK, NY US",12/10/2018,,39,29,343
USW00094728,"NY CITY CENTRAL PARK, NY US",12/11/2018,,41,29,344
USW00094728,"NY CITY CENTRAL PARK, NY US",12/12/2018,,41,33,345
USW00094728,"NY CITY CENTRAL PARK, NY US",12/13/2018,,40,33,346
USW00094728,"NY CITY CENTRAL PARK, NY US",12/14/2018,,51,40,347
USW00094728,"NY CITY CENTRAL PARK, NY US",12/15/2018,,52,46,348
USW00094728,"NY CITY CENTRAL PARK, NY US",12/16/2018,,46,35,349
USW00094728,"NY CITY CENTRAL PARK, NY US",12/17/2018,,46,37,350
USW00094728,"NY CITY CENTRAL PARK, NY US",12/18/2018,,40,28,351
USW00094728,"NY CITY CENTRAL PARK, NY US",12/19/2018,,42,26,352
USW00094728,"NY CITY CENTRAL PARK, NY US",12/20/2018,,47,37,353
USW00094728,"NY CITY CENTRAL PARK, NY US",12/21/2018,,61,47,354
USW00094728,"NY CITY CENTRAL PARK, NY US",12/22/2018,,54,40,355
USW00094728,"NY CITY CENTRAL PARK, NY US",12/23/2018,,43,36,356
USW00094728,"NY CITY CENTRAL PARK, NY US",12/24/2018,,43,36,357
USW00094728,"NY CITY CENTRAL PARK, NY US",12/25/2018,,40,33,358
USW00094728,"NY CITY CENTRAL PARK, NY US",12/26/2018,,43,32,359
USW00094728,"NY CITY CENTRAL PARK, NY US",12/27/2018,,44,37,360
USW00094728,"NY CITY CENTRAL PARK, NY US",12/28/2018,,60,43,361
USW00094728,"NY CITY CENTRAL PARK, NY US",12/29/2018,,57,39,362
USW00094728,"NY CITY CENTRAL PARK, NY US",12/30/2018,,40,33,363
USW00094728,"NY CITY CENTRAL PARK, NY US",12/31/2018,,48,36,364
